idx,y_true,y_pred,p_yes,lp_yes,lp_no,mode,raw_text
0,1,0,0.000709670304447988,-7.250710964202881,-0.0007108307327143848,attack,no
1,1,0,6.962257908880483e-06,-11.875018119812012,-1.8358061424805783e-05,attack,no
2,1,0,7.734421308872513e-08,-16.375003814697266,-3.814689989667386e-06,attack,no
3,1,0,0.001169510015106498,-6.751175403594971,-0.0011751896236091852,attack,no
4,1,0,6.60521367274031e-05,-9.62508773803711,-8.761498611420393e-05,attack,no
5,1,0,0.000430557143475977,-7.750433444976807,-0.00043358939001336694,attack,no
6,1,0,0.0001233945601956384,-9.00013256072998,-0.00013243274588603526,attack,no
7,1,0,1.0129988552896015e-05,-11.50005054473877,-5.030505417380482e-05,attack,no
8,1,0,9.422450429675318e-07,-13.875021934509277,-2.2411095415009186e-05,attack,no
9,1,0,0.00020342690077580148,-8.500211715698242,-0.0002113357331836596,attack,no
10,1,0,2.7535704207102116e-05,-10.500051498413086,-5.1973900554003194e-05,attack,no
11,1,0,0.00013982204071474552,-8.875151634216309,-0.00015138434537220746,attack,no
12,1,0,1.186112566625516e-08,-18.2500057220459,-6.198863957251888e-06,attack,no
13,1,0,9.422444812007334e-07,-13.875028610229492,-2.8490614567999728e-05,attack,no
14,1,0,1.444979692677638e-07,-15.75001335144043,-1.3112935448589269e-05,attack,no
15,1,0,1.8553907970265435e-07,-15.50001335144043,-1.3232143828645349e-05,attack,no
16,1,0,0.0004305569892749822,-7.7504353523254395,-0.0004351384413894266,attack,no
17,1,0,0.00020342707062123925,-8.500207901000977,-0.0002083561266772449,attack,no
18,1,0,5.3157875053849685e-08,-16.75002098083496,-2.1457441107486375e-05,attack,no
19,1,0,1.0129994601504372e-05,-11.500020027160645,-2.038458114839159e-05,attack,no
20,1,0,1.2751899726518302e-07,-15.875017166137695,-1.680836794548668e-05,attack,no
21,1,0,2.902312330891745e-06,-12.750014305114746,-1.4424220353248529e-05,attack,no
22,1,0,2.5612828204826604e-06,-12.87502670288086,-2.6940935640595853e-05,attack,no
23,1,0,3.7266406162947005e-06,-12.500018119812012,-1.847726889536716e-05,attack,no
24,1,0,7.889266347133978e-06,-11.750015258789062,-1.5735502529423684e-05,attack,no
25,1,0,3.466326210930651e-07,-14.87501049041748,-1.0490362910786644e-05,attack,no
26,1,0,0.00012339453079946588,-9.000131607055664,-0.00013124081306159496,attack,no
27,1,0,0.00017952790186820692,-8.625191688537598,-0.00019131260341964662,attack,no
28,1,0,2.382368813454223e-07,-15.250045776367188,-4.565611743601039e-05,attack,no
29,1,0,6.962257077768051e-06,-11.875025749206543,-2.586808113846928e-05,attack,no
30,1,0,3.535625488616214e-05,-10.250062942504883,-6.305972783593461e-05,attack,no
31,1,0,1.637376276886311e-07,-15.625006675720215,-6.318072337307967e-06,attack,no
32,1,0,4.4508489247983116e-07,-14.625036239624023,-3.58813522325363e-05,attack,no
33,1,0,1.553497939528952e-06,-13.375018119812012,-1.823885577323381e-05,attack,no
34,1,0,7.889260701926633e-06,-11.750029563903809,-2.932505594799295e-05,attack,no
35,1,0,5.043475884746717e-07,-14.500019073486328,-1.9430925021879375e-05,attack,no
36,1,0,1.8925141465820116e-05,-10.875036239624023,-3.58813522325363e-05,attack,no
37,1,0,2.260324297262181e-06,-13.00002384185791,-2.3841574147809297e-05,attack,no
38,1,0,0.0015011823366572002,-6.501508712768555,-0.0015087660867720842,attack,no
39,1,0,0.017986209665997375,-4.018150329589844,-0.018150312826037407,attack,no
40,1,0,1.7603436329394601e-06,-13.25001049041748,-1.07287787614041e-05,attack,no
41,1,0,2.84533371021265e-08,-17.37501335144043,-1.2993727978027891e-05,attack,no
42,1,0,1.9947292458004866e-06,-13.125012397766113,-1.2159273865108844e-05,attack,no
43,1,0,1.6373776431856448e-07,-15.625008583068848,-9.059865078597795e-06,attack,no
44,1,0,3.653484257701235e-08,-17.125009536743164,-1.0132738680113107e-05,attack,no
45,1,0,5.315783070326675e-08,-16.75001335144043,-1.2993727978027891e-05,attack,no
46,1,0,3.92786200232035e-07,-14.75001335144043,-1.3351351299206726e-05,attack,no
47,1,0,1.0129992182443859e-05,-11.50003433227539,-3.4450891689630225e-05,attack,no
48,1,0,0.00013982210752426014,-8.875144004821777,-0.00014423283573705703,attack,no
49,1,0,5.4222183228518175e-06,-12.125017166137695,-1.7046782886609435e-05,attack,no
50,1,0,1.209865827507999e-06,-13.625020027160645,-2.0146166207268834e-05,attack,no
51,1,0,4.0063682621113436e-05,-10.125053405761719,-5.3165931603871286e-05,attack,no
52,1,0,2.7535681252300147e-05,-10.500033378601074,-3.302042750874534e-05,attack,no
53,1,0,3.2887478889513447e-06,-12.625015258789062,-1.490105023549404e-05,attack,no
54,1,0,1.275190124737057e-07,-15.87501335144043,-1.3112935448589269e-05,attack,no
55,1,0,2.2603240280455074e-06,-13.000019073486328,-1.8954096958623268e-05,attack,no
56,1,0,2.1444953522913026e-05,-10.750031471252441,-3.1709168979432434e-05,attack,no
57,1,0,6.962253759486771e-06,-11.875015258789062,-1.490105023549404e-05,attack,no
58,1,0,2.699578738316283e-07,-15.125035285949707,-3.564294092939235e-05,attack,no
59,1,0,6.023571320000223e-08,-16.625017166137695,-1.680836794548668e-05,attack,no
60,1,0,1.8925157254522967e-05,-10.875040054321289,-4.053033626405522e-05,attack,no
61,1,0,0.0001398221242266438,-8.875142097473145,-0.00014244495832826942,attack,no
62,1,0,0.00033535015077017206,-8.00034236907959,-0.0003424296446610242,attack,no
63,1,0,2.6995780953644556e-07,-15.125027656555176,-2.777537883957848e-05,attack,no
64,1,0,1.8925152750692706e-05,-10.875027656555176,-2.7894584491150454e-05,attack,no
65,1,0,1.370957370146321e-06,-13.500014305114746,-1.4424220353248529e-05,attack,no
66,1,0,2.6995774526312993e-07,-15.12501049041748,-1.0371154530730564e-05,attack,no
67,1,0,7.48462272644804e-05,-9.500081062316895,-8.105902816168964e-05,attack,no
68,1,0,0.0002034269978611849,-8.500208854675293,-0.00020895205670967698,attack,no
69,1,0,4.2228324375973415e-06,-12.375011444091797,-1.1205610462639015e-05,attack,no
70,1,0,3.224189708091632e-08,-17.250003814697266,-4.768360213347478e-06,attack,no
71,1,0,3.535625913206225e-05,-10.250046730041504,-4.6967357775429264e-05,attack,no
72,1,0,7.734419464231143e-08,-16.37501335144043,-1.3112935448589269e-05,attack,no
73,1,0,2.1444948410928083e-05,-10.750030517578125,-3.0517112463712692e-05,attack,no
74,1,0,1.8553907970265435e-07,-15.50001335144043,-1.3232143828645349e-05,attack,no
75,1,0,1.1253517546275711e-07,-16.000011444091797,-1.156323378381785e-05,attack,no
76,1,0,1.5534984950317004e-06,-13.375020027160645,-2.0503786799963564e-05,attack,no
77,1,0,9.422442568428929e-07,-13.875014305114746,-1.3947389561508317e-05,attack,no
78,1,0,2.2603248358025224e-06,-13.000029563903809,-2.9801878554280847e-05,attack,no
79,1,0,3.224188554904223e-08,-17.250009536743164,-1.0132738680113107e-05,attack,no
80,1,0,3.653484257701235e-08,-17.125009536743164,-1.0132738680113107e-05,attack,no
81,1,0,2.1024331595460374e-07,-15.37501335144043,-1.3232143828645349e-05,attack,no
82,1,0,6.605214462734261e-05,-9.625082969665527,-8.296622399939224e-05,attack,no
83,1,0,4.785093923116048e-06,-12.25002384185791,-2.372236667724792e-05,attack,no
84,1,0,0.0009110510315874477,-7.000913619995117,-0.0009134411229752004,attack,no
85,1,0,1.0677024880353552e-06,-13.750018119812012,-1.7762025890988298e-05,attack,no
86,1,0,1.89251482372248e-05,-10.875030517578125,-3.0517112463712692e-05,attack,no
87,1,0,2.699577452540455e-07,-15.12501335144043,-1.3232143828645349e-05,attack,no
88,1,0,2.561282820673677e-06,-12.87502384185791,-2.407998726994265e-05,attack,no
89,1,0,9.422450430875072e-07,-13.875015258789062,-1.5735502529423684e-05,attack,no
90,1,0,4.45084891997307e-07,-14.625059127807617,-5.876845170860179e-05,attack,no
91,1,0,3.12019262448351e-05,-10.375041007995605,-4.1483970562694594e-05,attack,no
92,1,0,0.0003799844857219539,-7.875391006469727,-0.0003909300430677831,attack,no
93,1,0,5.422217025288297e-06,-12.125045776367188,-4.541770613286644e-05,attack,no
94,1,0,5.144219523258498e-05,-9.875066757202148,-6.639736966462806e-05,attack,no
95,1,0,6.023577783131103e-08,-16.625009536743164,-1.0251946150674485e-05,attack,no
96,1,0,5.3157862390663124e-08,-16.75000762939453,-7.867782187531702e-06,attack,no
97,1,0,9.422450430566563e-07,-13.875017166137695,-1.764281842042692e-05,attack,no
98,1,0,0.000709670472411987,-7.250712871551514,-0.0007129749283194542,attack,no
99,1,0,1.3007133113703658e-05,-11.250025749206543,-2.610649426060263e-05,attack,no
100,1,0,7.338211553016564e-07,-14.125021934509277,-2.2172682292875834e-05,attack,no
101,1,0,0.00043055709157044543,-7.750436782836914,-0.0004368066438473761,attack,no
102,1,0,1.4449802094702621e-07,-15.750011444091797,-1.156323378381785e-05,attack,no
103,1,0,1.9947297210880223e-06,-13.125020980834961,-2.098061486321967e-05,attack,no
104,1,0,6.605212892117389e-05,-9.625075340270996,-7.509902934543788e-05,attack,no
105,1,0,2.1024331595460374e-07,-15.37501335144043,-1.3232143828645349e-05,attack,no
106,1,0,1.7603438424121772e-06,-13.250022888183594,-2.3245540432981215e-05,attack,no
107,1,0,6.825601282506298e-08,-16.50001335144043,-1.3112935448589269e-05,attack,no
108,1,0,7.889265398545302e-06,-11.75004768371582,-4.8040190449682996e-05,attack,no
109,1,0,2.511000589237424e-08,-17.500009536743164,-1.0132738680113107e-05,attack,no
110,1,0,2.4300249410794058e-05,-10.625042915344238,-4.327203714638017e-05,attack,no
111,1,0,0.0003353500311432835,-8.000340461730957,-0.0003401654539629817,attack,no
112,1,0,6.023572038400064e-08,-16.62501335144043,-1.3112935448589269e-05,attack,no
113,1,0,4.222832437497485e-06,-12.37501335144043,-1.3112935448589269e-05,attack,no
114,1,0,5.3157875053849685e-08,-16.75002098083496,-2.1457441107486375e-05,attack,no
115,1,0,0.00017952796633774557,-8.62518310546875,-0.00018308870494365692,attack,no
116,1,0,5.8291272493815044e-05,-9.750062942504883,-6.305972783593461e-05,attack,no
117,1,0,0.00026119021629522957,-8.250268936157227,-0.00026854246971197426,attack,no
118,1,0,1.3709572066334067e-06,-13.500018119812012,-1.811964830267243e-05,attack,no
119,1,0,5.715004470077356e-07,-14.375009536743164,-9.536697689327411e-06,attack,no
120,1,0,7.73442684061156e-08,-16.375009536743164,-1.0251946150674485e-05,attack,no
121,1,0,2.56128312643024e-06,-12.875015258789062,-1.5616295058862306e-05,attack,no
122,1,0,1.2751908848885955e-07,-15.875006675720215,-7.033323527139146e-06,attack,no
123,1,0,2.1024339114748588e-07,-15.375011444091797,-1.168244216387393e-05,attack,no
124,1,0,1.4738981968060613e-05,-11.125029563903809,-2.95634672511369e-05,attack,no
125,1,0,2.1024336601779324e-07,-15.375027656555176,-2.777537883957848e-05,attack,no
126,1,0,1.553497939528952e-06,-13.375018119812012,-1.823885577323381e-05,attack,no
127,1,0,2.8453360847313668e-08,-17.3750057220459,-6.198863957251888e-06,attack,no
128,1,0,6.023571320000223e-08,-16.625017166137695,-1.680836794548668e-05,attack,no
129,1,0,0.00010889688336837233,-9.125113487243652,-0.00011324241495458409,attack,no
130,1,0,4.450849988630689e-07,-14.625009536743164,-9.417489309271332e-06,attack,no
131,1,0,2.9023123285002407e-06,-12.750042915344238,-4.303362584323622e-05,attack,no
132,1,0,1.4449805540316353e-07,-15.750007629394531,-7.986990567587782e-06,attack,no
133,1,0,1.9947297210880223e-06,-13.125020980834961,-2.098061486321967e-05,attack,no
134,1,0,4.450852110317275e-07,-14.625019073486328,-1.9430925021879375e-05,attack,no
135,1,0,5.715005150766085e-07,-14.375017166137695,-1.728519782773219e-05,attack,no
136,1,0,2.1444950954750126e-05,-10.750045776367188,-4.589452510117553e-05,attack,no
137,1,0,3.288749456838667e-06,-12.625020027160645,-2.0146166207268834e-05,attack,no
138,1,0,2.430024361951464e-05,-10.625041007995605,-4.1126360883936286e-05,attack,no
139,1,0,4.006370651032745e-05,-10.12504768371582,-4.8040190449682996e-05,attack,no
140,1,0,9.422450429024023e-07,-13.875024795532227,-2.52720492426306e-05,attack,no
141,1,0,1.6373770575707826e-07,-15.625011444091797,-1.156323378381785e-05,attack,no
142,1,0,3.466326210810852e-07,-14.87501335144043,-1.3351351299206726e-05,attack,no
143,1,0,0.0001088969221938234,-9.1251220703125,-0.00012218205665703863,attack,no
144,1,0,0.014063624318482223,-4.264165878295898,-0.014165681786835194,attack,no
145,1,0,0.00010889689629856827,-9.125117301940918,-0.00011717586312443018,attack,no
146,1,0,1.8553907970265435e-07,-15.50001335144043,-1.3232143828645349e-05,attack,no
147,1,0,1.1478768118310952e-05,-11.375039100646973,-3.909988299710676e-05,attack,no
148,1,0,1.4738983725809062e-05,-11.125027656555176,-2.777537883957848e-05,attack,no
149,1,0,1.4738981968060613e-05,-11.125029563903809,-2.95634672511369e-05,attack,no
150,1,0,8.939699498343302e-06,-11.625027656555176,-2.8013790142722428e-05,attack,no
151,1,0,8.939695236593446e-06,-11.62502384185791,-2.372236667724792e-05,attack,no
152,1,0,3.7266406162947005e-06,-12.500018119812012,-1.847726889536716e-05,attack,no
153,1,0,1.370957696865476e-06,-13.500020027160645,-2.038458114839159e-05,attack,no
154,1,0,2.6995771305736253e-07,-15.125017166137695,-1.6927575416048057e-05,attack,no
155,1,0,2.4300243611116483e-05,-10.625048637390137,-4.875540980719961e-05,attack,no
156,1,0,5.829125852607974e-05,-9.750080108642578,-7.998623186722398e-05,attack,no
157,1,0,0.0005527786176930169,-7.500555038452148,-0.0005550036439672112,attack,no
158,1,0,1.6701421842566163e-05,-11.000025749206543,-2.5748875486897305e-05,attack,no
159,1,0,1.5534979392661535e-06,-13.375025749206543,-2.586808113846928e-05,attack,no
160,1,0,5.144223817918954e-05,-9.875059127807617,-5.9602869441732764e-05,attack,no
161,1,0,3.4663274505317036e-07,-14.875011444091797,-1.1801649634435307e-05,attack,no
162,1,0,5.715005150766085e-07,-14.375017166137695,-1.728519782773219e-05,attack,no
163,1,0,1.0129992187105678e-05,-11.500016212463379,-1.6331539882230572e-05,attack,no
164,1,0,5.043474081427379e-07,-14.500015258789062,-1.5258672647178173e-05,attack,no
165,1,0,8.93969417229051e-06,-11.625016212463379,-1.597391747054644e-05,attack,no
166,1,0,6.475949525434003e-07,-14.25001335144043,-1.3589766240329482e-05,attack,no
167,1,0,4.222833444229772e-06,-12.375014305114746,-1.4305012882687151e-05,attack,no
168,1,0,7.889262580217877e-06,-11.750039100646973,-3.909988299710676e-05,attack,no
169,1,0,4.785093921975825e-06,-12.250032424926758,-3.2305197237292305e-05,attack,no
170,1,0,5.422220261652555e-06,-12.125020027160645,-2.0265373677830212e-05,attack,no
171,1,0,0.00012339458966902038,-9.000128746032715,-0.00012885693286079913,attack,no
172,1,0,1.7603427928890656e-06,-13.250029563903809,-2.932505594799295e-05,attack,no
173,1,0,0.0005527787494771895,-7.50055456161499,-0.0005547653418034315,attack,no
174,1,0,6.9622537593854575e-06,-11.875016212463379,-1.585470999998506e-05,attack,no
175,1,0,1.553497939579816e-06,-13.375016212463379,-1.6331539882230572e-05,attack,no
176,1,0,2.215949456487223e-08,-17.62500762939453,-7.867782187531702e-06,attack,no
177,1,0,6.023568448521862e-08,-16.6250057220459,-4.887569048150908e-06,attack,no
178,1,0,4.691161564186596e-08,-16.875017166137695,-1.6689160474925302e-05,attack,no
179,1,0,3.927861533497054e-07,-14.750021934509277,-2.1815061700181104e-05,attack,no
180,1,0,0.00012339458966902038,-9.000128746032715,-0.00012885693286079913,attack,no
181,1,0,1.3007128463873487e-05,-11.250020027160645,-2.002696055569686e-05,attack,no
182,1,0,2.2159478712754158e-08,-17.625017166137695,-1.6689160474925302e-05,attack,no
183,1,0,0.00012339454550563058,-9.000131607055664,-0.00013136000779923052,attack,no
184,1,0,1.5534979393735333e-06,-13.375022888183594,-2.3007127310847864e-05,attack,no
185,1,0,3.7266401724291984e-06,-12.500011444091797,-1.168244216387393e-05,attack,no
186,1,0,5.715005150225518e-07,-14.375021934509277,-2.2053474822314456e-05,attack,no
187,1,0,1.3709572064039814e-06,-13.500025749206543,-2.5748875486897305e-05,attack,no
188,1,0,6.023572038400064e-08,-16.62501335144043,-1.3112935448589269e-05,attack,no
189,1,0,9.931200428691098e-08,-16.125009536743164,-1.0251946150674485e-05,attack,no
190,1,0,7.73442684061156e-08,-16.375009536743164,-1.0251946150674485e-05,attack,no
191,1,0,2.1024344128086927e-07,-15.375007629394531,-8.106198947643861e-06,attack,no
192,1,0,1.2098653946794135e-06,-13.625025749206543,-2.5510462364763953e-05,attack,no
193,1,0,0.0004305570912072069,-7.750438690185547,-0.00043871314846910536,attack,no
194,1,0,4.006368262694324e-05,-10.12505054473877,-5.030505417380482e-05,attack,no
195,1,0,9.422442568428929e-07,-13.875014305114746,-1.3947389561508317e-05,attack,no
196,1,0,5.144220751170149e-05,-9.875061988830566,-6.186770770000294e-05,attack,no
197,1,0,4.785096775485197e-06,-12.250020980834961,-2.1457441107486375e-05,attack,no
198,1,0,2.7535697661092444e-05,-10.500036239624023,-3.6477376852417365e-05,attack,no
199,1,0,2.90231129287854e-06,-12.750016212463379,-1.597391747054644e-05,attack,no
200,1,0,0.00043055703856267934,-7.75044584274292,-0.0004457433824427426,attack,no
201,1,0,0.00013982205745780908,-8.875147819519043,-0.00014768941036891192,attack,no
202,1,0,4.222834450328595e-06,-12.375022888183594,-2.312633478140924e-05,attack,no
203,1,0,0.00020342707070114983,-8.500205993652344,-0.00020644917094614357,attack,no
204,1,0,1.473898547288747e-05,-11.125045776367188,-4.60137271147687e-05,attack,no
205,1,0,1.370957696865476e-06,-13.500020027160645,-2.038458114839159e-05,attack,no
206,1,0,0.00043055709192115843,-7.750434875488281,-0.0004349001101218164,attack,no
207,1,0,3.535626335686906e-05,-10.250040054321289,-4.0411134250462055e-05,attack,no
208,1,0,2.4300237834601515e-05,-10.625031471252441,-3.135155202471651e-05,attack,no
209,1,0,0.0001584361980907647,-8.750164031982422,-0.00016389934171456844,attack,no
210,1,0,6.962254586824882e-06,-11.875031471252441,-3.123234637314454e-05,attack,no
211,1,0,4.006370651207639e-05,-10.125046730041504,-4.708655978902243e-05,attack,no
212,1,0,7.484623619706947e-05,-9.500079154968262,-7.92710343375802e-05,attack,no
213,1,0,2.4300240729754155e-05,-10.625033378601074,-3.3378044463461265e-05,attack,no
214,1,0,2.1024331595460374e-07,-15.37501335144043,-1.3232143828645349e-05,attack,no
215,1,0,4.1399400147791785e-08,-17.000009536743164,-1.0132738680113107e-05,attack,no
216,1,0,8.764244315741453e-08,-16.250017166137695,-1.680836794548668e-05,attack,no
217,1,0,2.260325104233996e-06,-13.000041961669922,-4.23184028477408e-05,attack,no
218,1,0,1.1253512179690985e-07,-16.000015258789062,-1.490105023549404e-05,attack,no
219,1,0,6.023575629058337e-08,-16.62500762939453,-7.986990567587782e-06,attack,no
220,1,0,6.475948753276292e-07,-14.250015258789062,-1.537788011773955e-05,attack,no
221,1,0,4.785096776394765e-06,-12.250008583068848,-9.059865078597795e-06,attack,no
222,1,0,6.825601282506298e-08,-16.50001335144043,-1.3112935448589269e-05,attack,no
223,1,0,1.3007130007988564e-05,-11.25003719329834,-3.731181277544238e-05,attack,no
224,1,0,2.90231336827709e-06,-12.75002384185791,-2.4318398573086597e-05,attack,no
225,1,0,1.0129993393945642e-05,-11.500020027160645,-2.0265373677830212e-05,attack,no
226,1,0,2.102432908797988e-07,-15.375017166137695,-1.6927575416048057e-05,attack,no
227,1,0,0.00010889696115476194,-9.125120162963867,-0.00012063252506777644,attack,no
228,1,0,1.0129992185299915e-05,-11.500024795532227,-2.4914430468925275e-05,attack,no
229,1,0,2.1024331596167871e-07,-15.37501049041748,-1.0371154530730564e-05,attack,no
230,1,0,0.0007096703872122538,-7.250714302062988,-0.0007142852991819382,attack,no
231,1,0,0.0019267349733864344,-6.2519307136535645,-0.0019308748887851834,attack,no
232,1,0,5.715005150225518e-07,-14.375021934509277,-2.2053474822314456e-05,attack,no
233,1,0,8.939697368305565e-06,-11.625021934509277,-2.2053474822314456e-05,attack,no
234,1,0,2.2603240281236263e-06,-13.000017166137695,-1.7046782886609435e-05,attack,no
235,1,0,5.422218319103914e-06,-12.125041007995605,-4.088794958079234e-05,attack,no
236,1,0,0.0001233945601956384,-9.00013256072998,-0.00013243274588603526,attack,no
237,1,0,0.00010889687032964068,-9.125118255615234,-0.00011789103882620111,attack,no
238,1,0,3.059022269089317e-07,-15.00001049041748,-1.0490362910786644e-05,attack,no
239,1,0,0.00048785706340468153,-7.62549352645874,-0.0004934046883136034,attack,no
240,1,0,0.0005527786824917216,-7.500558376312256,-0.0005584587925113738,attack,no
241,1,0,2.430024651793883e-05,-10.625039100646973,-3.93382906622719e-05,attack,no
242,1,0,7.889261644501938e-06,-11.750018119812012,-1.8000440832111053e-05,attack,no
243,1,0,1.3007130007988564e-05,-11.25003719329834,-3.731181277544238e-05,attack,no
244,1,0,0.0024726232301424803,-6.002476692199707,-0.002476722002029419,attack,no
245,1,0,2.561282820673677e-06,-12.87502384185791,-2.407998726994265e-05,attack,no
246,1,0,1.760343842833246e-06,-13.250007629394531,-7.986990567587782e-06,attack,no
247,1,0,9.610242643449185e-05,-9.250103950500488,-0.00010406429646536708,attack,no
248,1,0,2.2603253741045257e-06,-13.00003719329834,-3.766942609217949e-05,attack,no
249,1,0,1.553497939528952e-06,-13.375018119812012,-1.823885577323381e-05,attack,no
250,1,0,5.315783070326675e-08,-16.75001335144043,-1.2993727978027891e-05,attack,no
251,1,0,5.144223815748175e-05,-9.875065803527832,-6.627816765103489e-05,attack,no
252,1,0,4.0063677841406817e-05,-10.125055313110352,-5.495397272170521e-05,attack,no
253,1,0,6.144174600862407e-06,-12.000020980834961,-2.098061486321967e-05,attack,no
254,1,0,7.338211553016564e-07,-14.125021934509277,-2.2172682292875834e-05,attack,no
255,1,0,1.1253522910508937e-07,-16.00002098083496,-2.1576648578047752e-05,attack,no
256,1,0,5.144219525709981e-05,-9.875059127807617,-5.876845170860179e-05,attack,no
257,1,0,1.855390575573409e-07,-15.500021934509277,-2.169585604860913e-05,attack,no
258,1,0,5.144223819041771e-05,-9.875055313110352,-5.578839045483619e-05,attack,no
259,1,0,5.422220260360515e-06,-12.125029563903809,-2.9801878554280847e-05,attack,no
260,1,0,5.422219615829397e-06,-12.125014305114746,-1.4424220353248529e-05,attack,no
261,1,0,1.2098655392222467e-06,-13.625011444091797,-1.1324817933200393e-05,attack,no
262,1,0,2.2603242977308913e-06,-13.000012397766113,-1.2397689715726301e-05,attack,no
263,1,0,2.2159499848369956e-08,-17.6250057220459,-6.198863957251888e-06,attack,no
264,1,0,0.00015843625480754269,-8.750161170959473,-0.00016139635408762842,attack,no
265,1,0,0.0004305570409926193,-7.750432968139648,-0.0004328744253143668,attack,no
266,1,0,4.539787404665591e-05,-10.000054359436035,-5.447716102935374e-05,attack,no
267,1,0,9.610239210944684e-05,-9.250100135803223,-9.989239333663136e-05,attack,no
268,1,0,2.1024331595460374e-07,-15.37501335144043,-1.3232143828645349e-05,attack,no
269,1,0,1.0129993393945642e-05,-11.500020027160645,-2.0265373677830212e-05,attack,no
270,1,0,8.764252675047533e-08,-16.2500057220459,-6.318072337307967e-06,attack,no
271,1,0,3.653485564433752e-08,-17.125003814697266,-4.768360213347478e-06,attack,no
272,1,0,1.85539079708898e-07,-15.50001049041748,-1.0371154530730564e-05,attack,no
273,1,0,0.00012339457497900907,-9.000127792358398,-0.00012778419477399439,attack,no
274,1,0,2.4300243614475744e-05,-10.625045776367188,-4.589452510117553e-05,attack,no
275,1,0,3.28874906420424e-06,-12.625027656555176,-2.7656173188006505e-05,attack,no
276,1,0,1.855391238832662e-07,-15.500027656555176,-2.777537883957848e-05,attack,no
277,1,0,9.422450429675318e-07,-13.875021934509277,-2.2411095415009186e-05,attack,no
278,1,0,0.00026119021561126106,-8.25027847290039,-0.00027807659353129566,attack,no
279,1,0,9.610243781907735e-05,-9.250110626220703,-0.00011085849109804258,attack,no
280,1,0,9.422450430566563e-07,-13.875017166137695,-1.764281842042692e-05,attack,no
281,1,0,4.785096775485197e-06,-12.250020980834961,-2.1457441107486375e-05,attack,no
282,1,0,4.006369216362198e-05,-10.125057220458984,-5.721882189391181e-05,attack,no
283,1,0,5.422220260794482e-06,-12.12502670288086,-2.6940935640595853e-05,attack,no
284,1,0,1.4738980213663584e-05,-11.125022888183594,-2.276871418871451e-05,attack,no
285,1,0,6.60521367274031e-05,-9.62508773803711,-8.761498611420393e-05,attack,no
286,1,0,5.144223815748175e-05,-9.875065803527832,-6.627816765103489e-05,attack,no
287,1,0,5.043474081427379e-07,-14.500015258789062,-1.5258672647178173e-05,attack,no
288,1,0,3.120191878949046e-05,-10.375052452087402,-5.2689116273541003e-05,attack,no
289,1,0,2.1444948398445745e-05,-10.750045776367188,-4.577531944960356e-05,attack,no
290,1,0,2.382369667771912e-07,-15.250011444091797,-1.168244216387393e-05,attack,no
291,1,0,3.0590219042419564e-07,-15.000015258789062,-1.5139465176616795e-05,attack,no
292,1,0,6.825606978687018e-08,-16.5000057220459,-6.318072337307967e-06,attack,no
293,1,0,2.430024361951464e-05,-10.625041007995605,-4.1126360883936286e-05,attack,no
294,1,0,5.043474682958816e-07,-14.50001049041748,-1.0609570381348021e-05,attack,no
295,1,0,9.610246082457197e-05,-9.250101089477539,-0.00010156115604331717,attack,no
296,1,0,2.1444948401176257e-05,-10.750042915344238,-4.2914423829643056e-05,attack,no
297,1,0,8.481106148209239e-05,-9.375103950500488,-0.00010418349120300263,attack,no
298,1,0,1.9947290078746547e-06,-13.125017166137695,-1.680836794548668e-05,attack,no
299,1,0,5.4222183228518175e-06,-12.125017166137695,-1.7046782886609435e-05,attack,no
300,1,0,4.4508505193123265e-07,-14.625006675720215,-6.6756979322235566e-06,attack,no
301,1,0,6.825598841903797e-08,-16.50000762939453,-7.033323527139146e-06,attack,no
302,1,0,0.008577486055222723,-4.758617401123047,-0.008617476560175419,attack,no
303,1,0,0.0003353501911629164,-8.000338554382324,-0.0003387354372534901,attack,no
304,1,0,4.006367783718021e-05,-10.125057220458984,-5.686121585313231e-05,attack,no
305,1,0,1.1478766753416948e-05,-11.375030517578125,-3.0397906812140718e-05,attack,no
306,1,0,1.892514372038442e-05,-10.875038146972656,-3.790783375734463e-05,attack,no
307,1,0,0.000552778747129643,-7.5005621910095215,-0.0005623904871754348,attack,no
308,1,0,9.422449308335287e-07,-13.875009536743164,-9.894321920000948e-06,attack,no
309,1,0,8.939695237666677e-06,-11.625018119812012,-1.8000440832111053e-05,attack,no
310,1,0,5.8291279415977357e-05,-9.750069618225098,-6.985420623095706e-05,attack,no
311,1,0,3.12019262448351e-05,-10.375041007995605,-4.1483970562694594e-05,attack,no
312,1,0,3.466326210810852e-07,-14.87501335144043,-1.3351351299206726e-05,attack,no
313,1,0,3.0590219042419564e-07,-15.000015258789062,-1.5139465176616795e-05,attack,no
314,1,0,0.22270013882530884,-1.5019298791885376,-0.2519298791885376,attack,no
315,1,0,9.422450429675318e-07,-13.875021934509277,-2.2411095415009186e-05,attack,no
316,1,0,2.430024072471526e-05,-10.625039100646973,-3.909988299710676e-05,attack,no
317,1,0,4.222834950724221e-06,-12.375043869018555,-4.4225667807040736e-05,attack,no
318,1,0,0.00037998457567488676,-7.875394821166992,-0.00039498155820183456,attack,no
319,1,0,3.1201922508819695e-05,-10.375052452087402,-5.280832192511298e-05,attack,no
320,1,0,2.561282210618905e-06,-12.87501049041748,-1.0490362910786644e-05,attack,no
321,1,0,0.0001233945454427914,-9.00013542175293,-0.00013517419574782252,attack,no
322,1,0,1.4738983724146862e-05,-11.125031471252441,-3.158996332786046e-05,attack,no
323,1,0,0.0002611902161584359,-8.25027084350586,-0.00027044929447583854,attack,no
324,1,0,0.00026119024774258443,-8.250264167785645,-0.000263894529780373,attack,no
325,1,0,1.3440403359722728e-08,-18.125017166137695,-1.6689160474925302e-05,attack,no
326,1,0,1.6373764719680426e-07,-15.62501335144043,-1.3112935448589269e-05,attack,no
327,1,0,1.1478765379920749e-05,-11.375042915344238,-4.2676016164477915e-05,attack,no
328,1,0,9.422447056074748e-07,-13.875036239624023,-3.635817120084539e-05,attack,no
329,1,0,3.535625911829983e-05,-10.250054359436035,-5.4596363042946905e-05,attack,no
330,1,0,0.0015011825258133447,-6.501503944396973,-0.0015041239093989134,attack,no
331,1,0,5.829127944184748e-05,-9.750062942504883,-6.317892984952778e-05,attack,no
332,1,0,4.006367783718021e-05,-10.125057220458984,-5.686121585313231e-05,attack,no
333,1,0,4.006368263612517e-05,-10.125045776367188,-4.5536911784438416e-05,attack,no
334,1,0,2.6995771303281e-07,-15.125021934509277,-2.169585604860913e-05,attack,no
335,1,0,6.825606978687018e-08,-16.5000057220459,-6.318072337307967e-06,attack,no
336,1,0,3.7266406162947005e-06,-12.500018119812012,-1.847726889536716e-05,attack,no
337,1,0,2.1024331595460374e-07,-15.37501335144043,-1.3232143828645349e-05,attack,no
338,1,0,2.5612828211069576e-06,-12.875015258789062,-1.549708758830093e-05,attack,no
339,1,0,6.605214468549049e-05,-9.62507152557373,-7.152301259338856e-05,attack,no
340,1,0,1.7603425837494853e-06,-13.250007629394531,-7.271740287251305e-06,attack,no
341,1,0,3.12019188075383e-05,-10.375040054321289,-4.029192859889008e-05,attack,no
342,1,0,0.00043055714382669006,-7.750431537628174,-0.0004316828562878072,attack,no
343,1,0,1.8925152751656582e-05,-10.875025749206543,-2.5987286790041253e-05,attack,no
344,1,0,6.475949525663708e-07,-14.25001049041748,-1.07287787614041e-05,attack,no
345,1,0,3.120192251903544e-05,-10.375045776367188,-4.6132929128361866e-05,attack,no
346,1,0,0.0009110512483891479,-7.000913619995117,-0.0009136793087236583,attack,no
347,1,0,0.001926734288794229,-6.251930236816406,-0.0019300420535728335,attack,no
348,1,0,4.785093923116048e-06,-12.25002384185791,-2.372236667724792e-05,attack,no
349,1,0,5.1442238184803627e-05,-9.875057220458984,-5.769562994828448e-05,attack,no
350,1,0,0.001169510158711585,-6.751172065734863,-0.0011719746980816126,attack,no
351,1,0,3.12019188075383e-05,-10.375040054321289,-4.029192859889008e-05,attack,no
352,1,0,0.00033535007054083006,-8.000345230102539,-0.00034505134681239724,attack,no
353,1,0,1.275190124779969e-07,-15.87501049041748,-1.0251946150674485e-05,attack,no
354,1,0,5.8291251608160896e-05,-9.750073432922363,-7.319182623177767e-05,attack,no
355,1,0,3.7266383938732468e-06,-12.500031471252441,-3.123234637314454e-05,attack,no
356,1,0,9.93119095723158e-08,-16.12501335144043,-1.3112935448589269e-05,attack,no
357,1,0,3.5356267560968415e-05,-10.250046730041504,-4.7205765440594405e-05,attack,no
358,1,0,6.144175333021237e-06,-12.000022888183594,-2.3007127310847864e-05,attack,no
359,1,0,3.6534829511868294e-08,-17.12500762939453,-7.867782187531702e-06,attack,no
360,1,0,4.139936066487447e-08,-17.00001335144043,-1.2993727978027891e-05,attack,no
361,1,0,9.422450430875072e-07,-13.875015258789062,-1.5735502529423684e-05,attack,no
362,1,0,0.001169510298508978,-6.751171588897705,-0.0011716175358742476,attack,no
363,1,0,5.144223817619536e-05,-9.875060081481934,-6.05564855504781e-05,attack,no
364,1,0,2.9023112915587255e-06,-12.75003433227539,-3.40932747349143e-05,attack,no
365,1,0,0.0024726226346152677,-6.002478122711182,-0.0024779110681265593,attack,no
366,1,0,4.691164920079854e-08,-16.87500762939453,-7.867782187531702e-06,attack,no
367,1,0,7.484623617964426e-05,-9.500082015991211,-8.21318244561553e-05,attack,no
368,1,0,0.00020342692497685134,-8.500212669372559,-0.00021240839851088822,attack,no
369,1,0,2.1444940734059286e-05,-10.750041007995605,-4.0649541915627196e-05,attack,no
370,1,0,6.605214464752619e-05,-9.625079154968262,-7.915183232398704e-05,attack,no
371,1,0,1.4738981963234875e-05,-11.125039100646973,-3.909988299710676e-05,attack,no
372,1,0,3.1201926241089315e-05,-10.375043869018555,-4.434487345861271e-05,attack,no
373,1,0,4.69116603760216e-08,-16.87502098083496,-2.1457441107486375e-05,attack,no
374,1,0,0.00029595706499045417,-8.125299453735352,-0.0002992897352669388,attack,no
375,1,0,7.338212429167144e-07,-14.12501049041748,-1.0847986231965479e-05,attack,no
376,1,0,1.7257825632716653e-08,-17.875003814697266,-3.6954811548639555e-06,attack,no
377,1,0,2.382369667771912e-07,-15.250011444091797,-1.168244216387393e-05,attack,no
378,1,0,2.845336423831297e-08,-17.375009536743164,-1.0132738680113107e-05,attack,no
379,1,0,0.00012339458966902038,-9.000128746032715,-0.00012885693286079913,attack,no
380,1,0,5.1442238133528324e-05,-9.875072479248047,-7.295342220459133e-05,attack,no
381,1,0,1.6373768621926327e-07,-15.625019073486328,-1.9073304429184645e-05,attack,no
382,1,0,5.144221977210733e-05,-9.875062942504883,-6.305972783593461e-05,attack,no
383,1,0,8.315283247783523e-07,-14.000024795532227,-2.5152843591058627e-05,attack,no
384,1,0,1.0677026153784012e-06,-13.750014305114746,-1.4066597032069694e-05,attack,no
385,1,0,2.144494074006641e-05,-10.750033378601074,-3.302042750874534e-05,attack,no
386,1,0,1.300713156317648e-05,-11.250025749206543,-2.5987286790041253e-05,attack,no
387,1,0,3.535625914235191e-05,-10.250040054321289,-4.029192859889008e-05,attack,no
388,1,0,8.939696301839653e-06,-11.625025749206543,-2.5748875486897305e-05,attack,no
389,1,0,0.00029595699352831306,-8.125309944152832,-0.0003095386200584471,attack,no
390,1,0,8.764245361006995e-08,-16.25001335144043,-1.3112935448589269e-05,attack,no
391,1,0,6.475945665600521e-07,-14.250012397766113,-1.2040065485052764e-05,attack,no
392,1,0,1.5229972248408898e-08,-18.000017166137695,-1.6689160474925302e-05,attack,no
393,1,0,4.222834450328595e-06,-12.375022888183594,-2.312633478140924e-05,attack,no
394,1,0,1.2098653946794135e-06,-13.625025749206543,-2.5510462364763953e-05,attack,no
395,1,0,4.0063677853357896e-05,-10.125049591064453,-4.9232225137529895e-05,attack,no
396,1,0,7.889259763728304e-06,-11.750017166137695,-1.680836794548668e-05,attack,no
397,1,0,1.7603427928890656e-06,-13.250029563903809,-2.932505594799295e-05,attack,no
398,1,0,1.8925157257965367e-05,-10.875035285949707,-3.576214658096433e-05,attack,no
399,1,0,5.315783070326675e-08,-16.75001335144043,-1.2993727978027891e-05,attack,no
400,1,0,8.939696301839653e-06,-11.625025749206543,-2.5748875486897305e-05,attack,no
401,1,0,7.484621833189242e-05,-9.500082969665527,-8.284702198579907e-05,attack,no
402,1,0,3.120192251631124e-05,-10.37504768371582,-4.8040190449682996e-05,attack,no
403,1,0,2.753568124458694e-05,-10.500041007995605,-4.0649541915627196e-05,attack,no
404,1,0,0.0007096703884506221,-7.250711917877197,-0.00071190285962075,attack,no
405,1,0,6.475948753076037e-07,-14.250017166137695,-1.728519782773219e-05,attack,no
406,1,0,1.67014238330116e-05,-11.00002670288086,-2.682172998902388e-05,attack,no
407,1,0,0.000295957170603591,-8.125301361083984,-0.00030155404238030314,attack,no
408,1,0,6.144172399580713e-06,-12.000041961669922,-4.160317621426657e-05,attack,no
409,1,0,0.00043055714311273843,-7.7504353523254395,-0.0004354958946350962,attack,no
410,1,0,1.0677024880703138e-06,-13.750016212463379,-1.585470999998506e-05,attack,no
411,1,0,0.00023050666061663895,-8.375236511230469,-0.00023624490131624043,attack,no
412,1,0,1.3007134662054342e-05,-11.250031471252441,-3.194758028257638e-05,attack,no
413,1,0,1.209865539178232e-06,-13.625014305114746,-1.4185804502631072e-05,attack,no
414,1,0,5.422218317999268e-06,-12.125045776367188,-4.565611743601039e-05,attack,no
415,1,0,2.1444948410928083e-05,-10.750030517578125,-3.0517112463712692e-05,attack,no
416,1,0,2.430023203740195e-05,-10.625036239624023,-3.58813522325363e-05,attack,no
417,1,0,1.5229986771463815e-08,-18.00002098083496,-2.1457441107486375e-05,attack,no
418,1,0,5.043475884746717e-07,-14.500019073486328,-1.9430925021879375e-05,attack,no
419,1,0,4.006370651207639e-05,-10.125046730041504,-4.708655978902243e-05,attack,no
420,1,0,1.3007131559816829e-05,-11.25003433227539,-3.45700973412022e-05,attack,no
421,1,0,6.962259569218681e-06,-11.875014305114746,-1.4781842764932662e-05,attack,no
422,1,0,5.3157881400334906e-08,-16.750009536743164,-1.0132738680113107e-05,attack,no
423,1,0,0.0001233945747743328,-9.000140190124512,-0.0001401803019689396,attack,no
424,1,0,0.00015843617930811973,-8.750160217285156,-0.0001599660754436627,attack,no
425,1,0,3.9278629384095555e-07,-14.750019073486328,-1.9311717551317997e-05,attack,no
426,1,0,9.61024378980836e-05,-9.250102996826172,-0.00010322991875000298,attack,no
427,1,0,2.4300246519706857e-05,-10.62503719329834,-3.7431014789035544e-05,attack,no
428,1,0,4.006369689100785e-05,-10.125075340270996,-7.545663538621739e-05,attack,no
429,1,0,1.553497939528952e-06,-13.375018119812012,-1.823885577323381e-05,attack,no
430,1,0,1.2751899726518302e-07,-15.875017166137695,-1.680836794548668e-05,attack,no
431,1,0,0.0011695102938853287,-6.7511749267578125,-0.0011749514378607273,attack,no
432,1,0,7.889263523869683e-06,-11.75002670288086,-2.682172998902388e-05,attack,no
433,1,0,4.785093923116048e-06,-12.25002384185791,-2.372236667724792e-05,attack,no
434,1,0,7.484624511223436e-05,-9.500080108642578,-8.034383063204587e-05,attack,no
435,1,0,2.561282820673677e-06,-12.87502384185791,-2.407998726994265e-05,attack,no
436,1,0,3.653480337614479e-08,-17.125017166137695,-1.6689160474925302e-05,attack,no
437,1,0,1.7603438426491283e-06,-13.250016212463379,-1.6569954823353328e-05,attack,no
438,1,0,8.9396952349836e-06,-11.625030517578125,-3.0397906812140718e-05,attack,no
439,1,0,6.475948752463494e-07,-14.250021934509277,-2.2053474822314456e-05,attack,no
440,1,0,0.0019267347499648834,-6.25192928314209,-0.0019293281948193908,attack,no
441,1,0,0.0007096703042003145,-7.250711441040039,-0.0007113072206266224,attack,no
442,1,0,1.1478766753416948e-05,-11.375030517578125,-3.0397906812140718e-05,attack,no
443,1,0,1.994729007809344e-06,-13.125019073486328,-1.8715683836489916e-05,attack,no
444,1,0,0.0002959572412046809,-8.125300407409668,-0.00030083899036981165,attack,no
445,1,0,0.00020342699798253059,-8.500205993652344,-0.0002060916303889826,attack,no
446,1,0,4.1399400147791785e-08,-17.000009536743164,-1.0132738680113107e-05,attack,no
447,1,0,8.31528324914481e-07,-14.000017166137695,-1.7523612768854946e-05,attack,no
448,1,0,6.962257077768051e-06,-11.875025749206543,-2.586808113846928e-05,attack,no
449,1,0,2.7535681247692257e-05,-10.500038146972656,-3.7788631743751466e-05,attack,no
450,1,0,2.902313368683593e-06,-12.750017166137695,-1.764281842042692e-05,attack,no
451,1,0,1.7603430033399056e-06,-13.25001335144043,-1.3232143828645349e-05,attack,no
452,1,0,4.691161564186596e-08,-16.875017166137695,-1.6689160474925302e-05,attack,no
453,1,0,4.785092782858221e-06,-12.250018119812012,-1.7762025890988298e-05,attack,no
454,1,0,6.144175333524163e-06,-12.000019073486328,-1.9192511899746023e-05,attack,no
455,1,0,4.7850933509416626e-06,-12.250036239624023,-3.6000557884108275e-05,attack,no
456,1,0,2.2603253754921562e-06,-13.00001335144043,-1.3828182090946939e-05,attack,no
457,1,0,1.6701415868649066e-05,-11.000028610229492,-2.825220326485578e-05,attack,no
458,1,0,4.691166597677522e-08,-16.875009536743164,-1.0132738680113107e-05,attack,no
459,1,0,2.511000289450672e-08,-17.50002098083496,-2.1457441107486375e-05,attack,no
460,1,0,1.2751908848885955e-07,-15.875006675720215,-7.033323527139146e-06,attack,no
461,1,0,5.144220137064579e-05,-9.875064849853516,-6.460934673668817e-05,attack,no
462,1,0,4.785095061450564e-06,-12.250040054321289,-4.017272294731811e-05,attack,no
463,1,0,8.315279284755846e-07,-14.000012397766113,-1.2278481335670222e-05,attack,no
464,1,0,8.76425058538367e-08,-16.25000762939453,-7.986990567587782e-06,attack,no
465,1,0,1.9947301957062337e-06,-13.12503719329834,-3.7431014789035544e-05,attack,no
466,1,0,0.0002305067429091764,-8.375238418579102,-0.00023850933939684182,attack,no
467,1,0,6.023575629058337e-08,-16.62500762939453,-7.986990567587782e-06,attack,no
468,1,0,2.90231336827709e-06,-12.75002384185791,-2.4318398573086597e-05,attack,no
469,1,0,3.059022998010728e-07,-15.000019073486328,-1.9311717551317997e-05,attack,no
470,1,0,5.829125855619085e-05,-9.750073432922363,-7.331102824537084e-05,attack,no
471,1,0,7.889260703289918e-06,-11.750022888183594,-2.2649508537142538e-05,attack,no
472,1,0,3.2887490648024583e-06,-12.625020027160645,-2.002696055569686e-05,attack,no
473,1,0,4.539785237316614e-05,-10.000064849853516,-6.4490144723095e-05,attack,no
474,1,0,4.691168275555252e-08,-16.875003814697266,-4.768360213347478e-06,attack,no
475,1,0,0.0011695102926614215,-6.751175880432129,-0.0011759040644392371,attack,no
476,1,0,0.0004305570912072069,-7.750438690185547,-0.00043871314846910536,attack,no
477,1,0,1.6373774480099547e-07,-15.625007629394531,-7.986990567587782e-06,attack,no
478,1,0,1.0467404180477785e-08,-18.37500762939453,-7.867782187531702e-06,attack,no
479,1,0,4.139936066487447e-08,-17.00001335144043,-1.2993727978027891e-05,attack,no
480,1,0,1.9555685367259194e-08,-17.75000762939453,-7.867782187531702e-06,attack,no
481,1,0,3.224188554904223e-08,-17.250009536743164,-1.0132738680113107e-05,attack,no
482,1,0,6.023577783131103e-08,-16.625009536743164,-1.0251946150674485e-05,attack,no
483,1,0,4.5397879437780383e-05,-10.000061988830566,-6.222531374078244e-05,attack,no
484,1,0,2.144495862881405e-05,-10.750040054321289,-4.053033626405522e-05,attack,no
485,1,0,1.7603438424121772e-06,-13.250022888183594,-2.3245540432981215e-05,attack,no
486,1,0,1.0677024880703138e-06,-13.750016212463379,-1.585470999998506e-05,attack,no
487,1,0,6.96225541879818e-06,-11.875020027160645,-1.9907753085135482e-05,attack,no
488,1,0,0.0019267345209466268,-6.25192928314209,-0.0019292091019451618,attack,no
489,1,0,9.422450430875072e-07,-13.875015258789062,-1.5735502529423684e-05,attack,no
490,1,0,0.0004878570623828876,-7.625497817993164,-0.0004976941272616386,attack,no
491,1,0,1.8925157257965367e-05,-10.875035285949707,-3.576214658096433e-05,attack,no
492,1,0,8.315283249401942e-07,-14.000015258789062,-1.5616295058862306e-05,attack,no
493,1,0,4.4508510495892245e-07,-14.62501335144043,-1.3470558769768104e-05,attack,no
494,1,0,6.605214468549049e-05,-9.62507152557373,-7.152301259338856e-05,attack,no
495,1,0,4.222835454107918e-06,-12.375043869018555,-4.434487345861271e-05,attack,no
496,1,0,7.484622721002668e-05,-9.500089645385742,-8.964136941358447e-05,attack,no
497,1,0,8.4811061599945e-05,-9.375089645385742,-8.987976616481319e-05,attack,no
498,1,0,1.8925155003330608e-05,-10.875033378601074,-3.373566141817719e-05,attack,no
499,1,0,4.139939521391704e-08,-17.0000057220459,-6.198863957251888e-06,attack,no
500,0,1,0.9999898700102283,-1.8000440832111053e-05,-11.500018119812012,attack,yes
501,0,0,2.753568124458694e-05,-10.500041007995605,-4.0649541915627196e-05,attack,no
502,0,1,0.9859363723239895,-0.01416544709354639,-4.26416540145874,attack,yes
503,0,0,7.889263523869683e-06,-11.75002670288086,-2.682172998902388e-05,attack,no
504,0,0,1.4738988994015443e-05,-11.125033378601074,-3.3854863431770355e-05,attack,no
505,0,0,6.9622562405642475e-06,-11.875052452087402,-5.245071224635467e-05,attack,no
506,0,0,4.5397879437780383e-05,-10.000061988830566,-6.222531374078244e-05,attack,no
507,0,0,7.889260703289918e-06,-11.750022888183594,-2.2649508537142538e-05,attack,no
508,0,0,1.147876401460948e-05,-11.375036239624023,-3.58813522325363e-05,attack,no
509,0,0,1.553497939579816e-06,-13.375016212463379,-1.6331539882230572e-05,attack,no
510,0,1,0.9999977396751633,-5.960446742392378e-06,-13.000005722045898,attack,yes
511,0,0,1.4738976681250847e-05,-11.125055313110352,-5.495397272170521e-05,attack,no
512,0,0,2.753570092478113e-05,-10.500051498413086,-5.185469490243122e-05,attack,no
513,0,0,1.147877359657577e-05,-11.375025749206543,-2.6225699912174605e-05,attack,no
514,0,0,6.605213676488685e-05,-9.625081062316895,-8.093983342405409e-05,attack,no
515,0,0,9.610242644358107e-05,-9.250102996826172,-0.00010311071673640981,attack,no
516,0,0,1.670142382681424e-05,-11.000038146972656,-3.8265450712060556e-05,attack,no
517,0,1,0.9999785550515987,-4.2914423829643056e-05,-10.750042915344238,attack,yes
518,0,1,0.9820137881626452,-0.018156634643673897,-4.0181565284729,attack,yes
519,0,0,1.0129995803996048e-05,-11.50003719329834,-3.766942609217949e-05,attack,no
520,0,1,0.9996646497704348,-0.0003522014303598553,-8.000351905822754,attack,yes
521,0,0,0.00020342704646160721,-8.500205993652344,-0.00020632999076042324,attack,no
522,0,0,2.753568124007923e-05,-10.500044822692871,-4.446407547220588e-05,attack,no
523,0,0,1.3007131562514012e-05,-11.250027656555176,-2.7894584491150454e-05,attack,no
524,0,0,6.144173869156298e-06,-12.000014305114746,-1.4185804502631072e-05,attack,no
525,0,0,1.8925141470467356e-05,-10.875028610229492,-2.825220326485578e-05,attack,no
526,0,0,7.484620046617511e-05,-9.500086784362793,-8.642300235806033e-05,attack,no
527,0,0,6.60521288918597e-05,-9.625081062316895,-8.082063141046092e-05,attack,no
528,0,0,8.93969310647542e-06,-11.625017166137695,-1.680836794548668e-05,attack,no
529,0,0,0.00015843617930811973,-8.750160217285156,-0.0001599660754436627,attack,no
530,0,1,0.9999038975507069,-0.00010907054820563644,-9.25010871887207,attack,yes
531,0,0,0.005220125596833546,-5.255235195159912,-0.005235176533460617,attack,no
532,0,0,7.889260701237814e-06,-11.750032424926758,-3.218599158572033e-05,attack,no
533,0,0,0.00020342697312147014,-8.50022029876709,-0.00022027450904715806,attack,no
534,0,0,8.481101095665885e-05,-9.375102043151855,-0.00010168035078095272,attack,no
535,0,0,0.00192673427110856,-6.251935005187988,-0.0019348012283444405,attack,no
536,0,1,0.9998415637264352,-0.0001662831346038729,-8.750165939331055,attack,yes
537,0,0,9.610243781907735e-05,-9.250110626220703,-0.00011085849109804258,attack,no
538,0,0,9.61024149799907e-05,-9.250103950500488,-0.00010394509445177391,attack,no
539,0,0,2.7535700943413036e-05,-10.500036239624023,-3.659658250398934e-05,attack,no
540,0,0,0.00010889688330816188,-9.125118255615234,-0.00011801023356383666,attack,no
541,0,0,0.0002611904034138863,-8.250263214111328,-0.00026353701832704246,attack,no
542,0,0,7.889260703289918e-06,-11.750022888183594,-2.2649508537142538e-05,attack,no
543,0,1,0.9999921107383559,-2.0861407392658293e-05,-11.750020980834961,attack,yes
544,0,0,1.3007125361448172e-05,-11.250024795532227,-2.455681169521995e-05,attack,no
545,0,0,0.0005527787498952457,-7.500553131103516,-0.000553335587028414,attack,no
546,0,0,5.422219615898438e-06,-12.12501335144043,-1.3470558769768104e-05,attack,no
547,0,0,6.60521288918597e-05,-9.625081062316895,-8.082063141046092e-05,attack,no
548,0,0,2.1444945854624007e-05,-10.750030517578125,-3.0397906812140718e-05,attack,no
549,0,0,6.144174599353631e-06,-12.000030517578125,-3.0517112463712692e-05,attack,no
550,0,0,1.1478764017428212e-05,-11.375028610229492,-2.825220326485578e-05,attack,no
551,0,1,0.9999251537638563,-8.785339014139026e-05,-9.50008773803711,attack,yes
552,0,0,0.06008665101556925,-2.81196928024292,-0.061969295144081116,attack,no
553,0,0,7.889261643382609e-06,-11.750024795532227,-2.4676019165781327e-05,attack,no
554,0,0,4.006367783718021e-05,-10.125057220458984,-5.686121585313231e-05,attack,no
555,0,1,0.9999785550515947,-3.814624506048858e-05,-10.750038146972656,attack,yes
556,0,0,0.00012339456027284085,-9.000127792358398,-0.00012766500003635883,attack,no
557,0,0,2.7535694342309807e-05,-10.500062942504883,-6.305972783593461e-05,attack,no
558,0,0,2.430024939585418e-05,-10.625055313110352,-5.566918844124302e-05,attack,no
559,0,0,4.785096205778054e-06,-12.250012397766113,-1.2755313036905136e-05,attack,no
560,0,0,8.939695237666677e-06,-11.625018119812012,-1.8000440832111053e-05,attack,no
561,0,0,8.48110514911537e-05,-9.375089645385742,-8.976056415122002e-05,attack,no
562,0,0,1.4738981968060613e-05,-11.125029563903809,-2.95634672511369e-05,attack,no
563,0,0,1.6701425823882575e-05,-11.00002670288086,-2.6940935640595853e-05,attack,no
564,0,0,0.00012339454550563058,-9.000131607055664,-0.00013136000779923052,attack,no
565,0,0,4.785092781953005e-06,-12.25002670288086,-2.634490556374658e-05,attack,no
566,0,0,5.8291251564902706e-05,-9.750082969665527,-8.272782724816352e-05,attack,no
567,0,1,0.9999724642957752,-3.766942609217949e-05,-10.50003719329834,attack,yes
568,0,1,0.9999251537370812,-8.630380034446716e-05,-9.500085830688477,attack,yes
569,0,0,2.1444950954750126e-05,-10.750045776367188,-4.589452510117553e-05,attack,no
570,0,1,0.9999962733589393,-1.3828182090946939e-05,-12.50001335144043,attack,yes
571,0,0,0.0005527785509648304,-7.500557899475098,-0.0005577438860200346,attack,no
572,0,0,4.006368261266023e-05,-10.125057220458984,-5.6980417866725475e-05,attack,no
573,0,0,4.785096205830278e-06,-12.250011444091797,-1.1801649634435307e-05,attack,no
574,0,0,6.962258733787562e-06,-11.875041961669922,-4.23184028477408e-05,attack,no
575,0,0,9.610240348773576e-05,-9.250107765197754,-0.00010764019680209458,attack,no
576,0,0,5.829124466013178e-05,-9.750073432922363,-7.30726242181845e-05,attack,no
577,0,0,5.82912515784739e-05,-9.750080108642578,-7.986703712958843e-05,attack,no
578,0,0,5.144221358089769e-05,-9.875079154968262,-7.915183232398704e-05,attack,no
579,0,0,7.484625398547098e-05,-9.50008773803711,-8.809178689261898e-05,attack,no
580,0,0,0.000295957169914716,-8.125308990478516,-0.0003091811086051166,attack,no
581,0,1,0.9999724642957752,-3.766942609217949e-05,-10.50003719329834,attack,yes
582,0,0,1.2098659719601036e-06,-13.625005722045898,-5.960446742392378e-06,attack,no
583,0,0,1.8925143710057227e-05,-10.87505054473877,-5.030505417380482e-05,attack,no
584,0,1,0.9999785550567011,-2.932505594799295e-05,-10.750029563903809,attack,yes
585,0,0,3.53562422491749e-05,-10.250060081481934,-5.98412734689191e-05,attack,no
586,0,0,5.422219615286936e-06,-12.125020027160645,-2.0146166207268834e-05,attack,no
587,0,0,5.8291258575699455e-05,-9.750068664550781,-6.854299135738984e-05,attack,no
588,0,0,0.008577487195686377,-4.758615493774414,-0.008615703321993351,attack,no
589,0,0,5.1442232047486965e-05,-9.875059127807617,-5.94836674281396e-05,attack,no
590,0,1,0.9992903296137372,-0.0007161913090385497,-7.250716209411621,attack,yes
591,0,0,4.785096205717126e-06,-12.25001335144043,-1.3708974620385561e-05,attack,no
592,0,0,3.120190391558324e-05,-10.37505054473877,-5.030505417380482e-05,attack,no
593,0,1,0.9914225130815097,-0.008619485422968864,-4.75861930847168,attack,yes
594,0,0,0.0015011825258133447,-6.501503944396973,-0.0015041239093989134,attack,no
595,0,1,0.9770226323898149,-0.02324952371418476,-3.773249626159668,attack,yes
596,0,0,0.0001088969092152976,-9.1251220703125,-0.00012206286191940308,attack,no
597,0,0,0.0002611904343976846,-8.250265121459961,-0.00026556302327662706,attack,no
598,0,1,0.9999952149072171,-1.7762025890988298e-05,-12.250018119812012,attack,yes
599,0,0,0.0007096705576117306,-7.250711441040039,-0.0007116645574569702,attack,no
600,0,1,0.9999724642957784,-4.053033626405522e-05,-10.500040054321289,attack,yes
601,0,0,2.753568124007923e-05,-10.500044822692871,-4.446407547220588e-05,attack,no
602,0,0,2.7535691093547454e-05,-10.500039100646973,-3.909988299710676e-05,attack,no
603,0,1,0.9999724642990651,-4.4225667807040736e-05,-10.500043869018555,attack,yes
604,0,0,0.00013982202388420506,-8.87515926361084,-0.00015889335190877318,attack,no
605,0,0,1.4738981963234875e-05,-11.125039100646973,-3.909988299710676e-05,attack,no
606,0,0,0.00015843619778417513,-8.750175476074219,-0.00017534149810671806,attack,no
607,0,0,1.0129993393319153e-05,-11.500022888183594,-2.312633478140924e-05,attack,no
608,0,1,0.9399133552961428,-0.06196918338537216,-2.81196928024292,attack,yes
609,0,0,4.53978523645784e-05,-10.000067710876465,-6.735097849741578e-05,attack,no
610,0,0,0.00012339456024231893,-9.000129699707031,-0.00012957210128661245,attack,no
611,0,0,8.939696300636334e-06,-11.625030517578125,-3.0517112463712692e-05,attack,no
612,0,0,0.00010889689602128323,-9.125137329101562,-0.00013720047718379647,attack,no
613,0,0,3.5356267520324244e-05,-10.250066757202148,-6.723177648382261e-05,attack,no
614,0,0,1.147877359657577e-05,-11.375025749206543,-2.6225699912174605e-05,attack,no
615,0,1,0.9999785550515947,-3.814624506048858e-05,-10.750038146972656,attack,yes
616,0,0,5.1442225789655405e-05,-9.875091552734375,-9.178694017464295e-05,attack,no
617,0,0,2.9023116385379885e-06,-12.750021934509277,-2.1815061700181104e-05,attack,no
618,0,1,0.9992903296130354,-0.0007147617870941758,-7.2507147789001465,attack,yes
619,0,0,1.3007131561804229e-05,-11.250029563903809,-2.9801878554280847e-05,attack,no
620,0,0,4.0063692137387875e-05,-10.125067710876465,-6.770858453819528e-05,attack,no
621,0,0,5.144220132947586e-05,-9.875076293945312,-7.60526381782256e-05,attack,no
622,0,0,7.484624508282936e-05,-9.50008487701416,-8.511180931236595e-05,attack,no
623,0,0,2.1444956072586775e-05,-10.750040054321289,-4.0411134250462055e-05,attack,no
624,0,0,5.144223817619536e-05,-9.875060081481934,-6.05564855504781e-05,attack,no
625,0,0,3.120191879981973e-05,-10.375045776367188,-4.60137271147687e-05,attack,no
626,0,1,0.9999251537728031,-9.154854342341423e-05,-9.500091552734375,attack,yes
627,0,0,2.1444950957402623e-05,-10.750042915344238,-4.303362584323622e-05,attack,no
628,0,0,4.785093353274332e-06,-12.250018119812012,-1.7881233361549675e-05,attack,no
629,0,0,8.481108182431855e-05,-9.375088691711426,-8.916457591112703e-05,attack,no
630,0,0,5.829129333070513e-05,-9.750064849853516,-6.532455881824717e-05,attack,no
631,0,0,1.1478764017428212e-05,-11.375028610229492,-2.825220326485578e-05,attack,no
632,0,0,4.222833443261934e-06,-12.375025749206543,-2.5748875486897305e-05,attack,no
633,0,0,1.0129993389984019e-05,-11.50003433227539,-3.45700973412022e-05,attack,no
634,0,0,0.00015843621706935267,-8.750160217285156,-0.00016020445036701858,attack,no
635,0,0,1.670142581075876e-05,-11.00004768371582,-4.792098479811102e-05,attack,no
636,0,0,4.7850933509416626e-06,-12.250036239624023,-3.6000557884108275e-05,attack,no
637,0,0,1.1478773598099975e-05,-11.375020027160645,-2.0503786799963564e-05,attack,no
638,0,0,5.422220907791404e-06,-12.125021934509277,-2.2291887944447808e-05,attack,no
639,0,0,5.144223200893693e-05,-9.875070571899414,-7.092700980138034e-05,attack,no
640,0,0,2.561282515967739e-06,-12.875009536743164,-9.65590606938349e-06,attack,no
641,0,0,2.1444945823496187e-05,-10.750061988830566,-6.186770770000294e-05,attack,no
642,0,0,1.3007123808153756e-05,-11.250032424926758,-3.2066785934148356e-05,attack,no
643,0,0,7.484623613717035e-05,-9.500088691711426,-8.880697714630514e-05,attack,no
644,0,0,8.481101097331865e-05,-9.375100135803223,-9.97731985989958e-05,attack,no
645,0,0,1.0129993390942179e-05,-11.500031471252441,-3.1709168979432434e-05,attack,no
646,0,0,7.48462450643151e-05,-9.50008773803711,-8.797258487902582e-05,attack,no
647,0,0,3.120190389378964e-05,-10.375062942504883,-6.270212179515511e-05,attack,no
648,0,0,8.481101097331865e-05,-9.375100135803223,-9.97731985989958e-05,attack,no
649,0,0,2.7535704207102116e-05,-10.500051498413086,-5.1973900554003194e-05,attack,no
650,0,0,3.5356246485426936e-05,-10.250048637390137,-4.851700214203447e-05,attack,no
651,0,0,1.6701419846288166e-05,-11.000036239624023,-3.611976353568025e-05,attack,no
652,0,0,4.2228334437304904e-06,-12.375020980834961,-2.098061486321967e-05,attack,no
653,0,1,0.9999546021259734,-6.210611172718927e-05,-10.000061988830566,attack,yes
654,0,1,0.9998415637647566,-0.00018606838420964777,-8.7501859664917,attack,yes
655,0,0,2.753570422753711e-05,-10.50003433227539,-3.480850500636734e-05,attack,no
656,0,0,3.2887494572095624e-06,-12.62501335144043,-1.3470558769768104e-05,attack,no
657,0,0,4.006370648569653e-05,-10.125059127807617,-5.94836674281396e-05,attack,no
658,0,0,1.4738976681250847e-05,-11.125055313110352,-5.495397272170521e-05,attack,no
659,0,0,0.001169510298508978,-6.751171588897705,-0.0011716175358742476,attack,no
660,0,0,4.222832437497485e-06,-12.37501335144043,-1.3112935448589269e-05,attack,no
661,0,0,6.605212105295325e-05,-9.62507438659668,-7.402622577501461e-05,attack,no
662,0,0,1.3007133113703658e-05,-11.250025749206543,-2.610649426060263e-05,attack,no
663,0,0,0.0019267349787592976,-6.25192928314209,-0.001929447171278298,attack,no
664,0,0,2.1444945855248125e-05,-10.750029563903809,-2.9444261599564925e-05,attack,no
665,0,0,0.0002034269978611849,-8.500208854675293,-0.00020895205670967698,attack,no
666,0,0,6.962255416759247e-06,-11.875031471252441,-3.135155202471651e-05,attack,no
667,0,0,1.1478773593172405e-05,-11.375035285949707,-3.576214658096433e-05,attack,no
668,0,0,0.00013982204071474552,-8.875151634216309,-0.00015138434537220746,attack,no
669,0,0,7.88926446430712e-06,-11.75002670288086,-2.6940935640595853e-05,attack,no
670,0,1,0.9997965730267956,-0.00021836756786797196,-8.500218391418457,attack,yes
671,0,0,3.2887490644495094e-06,-12.625024795532227,-2.47952248173533e-05,attack,no
672,0,0,1.9947292458004866e-06,-13.125012397766113,-1.2159273865108844e-05,attack,no
673,0,0,1.3007134662054342e-05,-11.250031471252441,-3.194758028257638e-05,attack,no
674,0,0,1.473897669838221e-05,-11.12502670288086,-2.634490556374658e-05,attack,no
675,0,1,0.9975273770719282,-0.0024780300445854664,-6.002478122711182,attack,yes
676,0,1,0.999569442960072,-0.0004385939973872155,-7.750438690185547,attack,yes
677,0,0,2.1444953503877464e-05,-10.750052452087402,-5.2689116273541003e-05,attack,no
678,0,0,2.430023780286534e-05,-10.625060081481934,-5.9960475482512265e-05,attack,no
679,0,0,0.04742587300927061,-3.0485875606536865,-0.048587556928396225,attack,no
680,0,0,0.022977372293497,-3.7732455730438232,-0.02324567921459675,attack,no
681,0,0,1.0129990979215566e-05,-11.500018119812012,-1.811964830267243e-05,attack,no
682,0,0,9.61024379351396e-05,-9.250099182128906,-9.941560711013153e-05,attack,no
683,0,1,0.9996646497310567,-0.0003570872650016099,-8.000356674194336,attack,yes
684,0,0,7.889259763857458e-06,-11.750016212463379,-1.585470999998506e-05,attack,no
685,0,0,6.144176065940131e-06,-12.000019073486328,-1.9311717551317997e-05,attack,no
686,0,0,3.12019262448351e-05,-10.375041007995605,-4.1483970562694594e-05,attack,no
687,0,0,4.006369695163779e-05,-10.125051498413086,-5.1616290875244886e-05,attack,no
688,0,1,0.9975273767842144,-0.0024791003670543432,-6.002479076385498,attack,yes
689,0,0,0.0001233945601004819,-9.000138282775879,-0.00013815402053296566,attack,no
690,0,0,2.4300246519706857e-05,-10.62503719329834,-3.7431014789035544e-05,attack,no
691,0,0,0.0001398220741011893,-8.87514877319336,-0.00014876213390380144,attack,no
692,0,0,2.753570421721944e-05,-10.500043869018555,-4.434487345861271e-05,attack,no
693,0,1,0.9999646437577241,-4.5536911784438416e-05,-10.250045776367188,attack,yes
694,0,0,1.8925141465820116e-05,-10.875036239624023,-3.58813522325363e-05,attack,no
695,0,0,5.422220261652555e-06,-12.125020027160645,-2.0265373677830212e-05,attack,no
696,0,0,4.539787942390786e-05,-10.000066757202148,-6.69933797325939e-05,attack,no
697,0,0,1.6701415868649066e-05,-11.000028610229492,-2.825220326485578e-05,attack,no
698,0,0,0.00020342704642313173,-8.50020694732666,-0.00020728347590193152,attack,no
699,0,0,0.00020342694953898128,-8.500205039978027,-0.00020489977032411844,attack,no
700,0,0,0.00010889694817623148,-9.125120162963867,-0.00012051333033014089,attack,no
701,0,0,2.260325106045111e-06,-13.00001335144043,-1.3708974620385561e-05,attack,no
702,0,0,1.994729007809344e-06,-13.125019073486328,-1.8715683836489916e-05,attack,no
703,0,0,6.96225541916544e-06,-11.875017166137695,-1.7046782886609435e-05,attack,no
704,0,1,0.9999869928684367,-2.5987286790041253e-05,-11.250025749206543,attack,yes
705,0,0,6.144176066264237e-06,-12.000016212463379,-1.645074735279195e-05,attack,no
706,0,0,0.00015843629246967058,-8.750164985656738,-0.00016544880054425448,attack,no
707,0,0,3.120191879981973e-05,-10.375045776367188,-4.60137271147687e-05,attack,no
708,0,0,1.0129993389984019e-05,-11.50003433227539,-3.45700973412022e-05,attack,no
709,0,1,0.9990889487640087,-0.0009284476400353014,-7.0009284019470215,attack,yes
710,0,0,6.962258732293189e-06,-11.875046730041504,-4.708655978902243e-05,attack,no
711,0,0,3.535625906993842e-05,-10.250075340270996,-7.557583012385294e-05,attack,no
712,0,1,0.9997965730507835,-0.00021252757869660854,-8.500212669372559,attack,yes
713,0,0,0.00020342692526097766,-8.500205993652344,-0.0002057340752799064,attack,no
714,0,0,0.008577485120676232,-4.7586164474487305,-0.008616412989795208,attack,no
715,0,0,2.4300249374107374e-05,-10.625069618225098,-6.997340824455023e-05,attack,no
716,0,0,8.939697363264635e-06,-11.625040054321289,-4.017272294731811e-05,attack,no
717,0,0,4.006371128945452e-05,-10.125045776367188,-4.625213477993384e-05,attack,no
718,0,0,1.4738985482753428e-05,-11.125027656555176,-2.7894584491150454e-05,attack,no
719,0,0,3.5356267568428424e-05,-10.250041961669922,-4.2437604861333966e-05,attack,no
720,0,0,3.288748673164111e-06,-12.625012397766113,-1.2278481335670222e-05,attack,no
721,0,0,8.9396952349836e-06,-11.625030517578125,-3.0397906812140718e-05,attack,no
722,0,0,4.5397879437780383e-05,-10.000061988830566,-6.222531374078244e-05,attack,no
723,0,1,0.9997388095990333,-0.00029690624796785414,-8.250296592712402,attack,yes
724,0,1,0.9998766054252257,-0.0001401803019689396,-9.000140190124512,attack,yes
725,0,0,3.5356254903911806e-05,-10.250054359436035,-5.447716102935374e-05,attack,no
726,0,0,0.0001233945602279557,-9.000130653381348,-0.00013052565918769687,attack,no
727,0,0,2.144494840687132e-05,-10.750036239624023,-3.6238969187252223e-05,attack,no
728,0,0,1.8925141469950998e-05,-10.875029563903809,-2.9205850296420977e-05,attack,no
729,0,0,3.288749456838667e-06,-12.625020027160645,-2.0146166207268834e-05,attack,no
730,0,0,1.0129995806888957e-05,-11.500028610229492,-2.90866428258596e-05,attack,no
731,0,0,2.144495862881405e-05,-10.750040054321289,-4.053033626405522e-05,attack,no
732,0,0,2.430024072471526e-05,-10.625039100646973,-3.909988299710676e-05,attack,no
733,0,1,0.9999869928730869,-2.0861407392658293e-05,-11.250020980834961,attack,yes
734,0,0,0.00012339461911188752,-9.000126838684082,-0.00012718822108581662,attack,no
735,0,0,1.6701421838799143e-05,-11.000033378601074,-3.3378044463461265e-05,attack,no
736,0,1,0.9999832985761683,-2.9682672902708873e-05,-11.000029563903809,attack,yes
737,0,0,7.889260703289918e-06,-11.750022888183594,-2.2649508537142538e-05,attack,no
738,0,0,1.3007131564099202e-05,-11.250022888183594,-2.312633478140924e-05,attack,no
739,0,0,1.1478764015736973e-05,-11.375033378601074,-3.302042750874534e-05,attack,no
740,0,1,0.9999938558253982,-1.2397689715726301e-05,-12.000012397766113,attack,yes
741,0,0,1.670142581574095e-05,-11.000041007995605,-4.124556289752945e-05,attack,no
742,0,1,0.9820137865176772,-0.018151482567191124,-4.01815128326416,attack,yes
743,0,0,3.7266392837527255e-06,-12.500015258789062,-1.5258672647178173e-05,attack,no
744,0,0,3.1201900186835035e-05,-10.375056266784668,-5.590759246842936e-05,attack,no
745,0,0,9.610244927358124e-05,-9.250110626220703,-0.00011097769311163574,attack,no
746,0,0,1.3007123808153756e-05,-11.250032424926758,-3.2066785934148356e-05,attack,no
747,0,1,0.9706877690366521,-0.029752500355243683,-3.529752492904663,attack,yes
748,0,0,1.0129993380402412e-05,-11.500055313110352,-5.5549986427649856e-05,attack,no
749,0,0,1.8925155003330608e-05,-10.875033378601074,-3.373566141817719e-05,attack,no
750,0,0,2.144495862881405e-05,-10.750040054321289,-4.053033626405522e-05,attack,no
751,0,0,1.670142582254589e-05,-11.000029563903809,-2.9801878554280847e-05,attack,no
752,0,0,1.0129994566826327e-05,-11.50008487701416,-8.523101132595912e-05,attack,no
753,0,1,0.962673111183377,-0.038048069924116135,-3.288048028945923,attack,yes
754,0,1,0.9959298622803288,-0.004082203842699528,-5.504082202911377,attack,yes
755,0,1,0.9241418189341297,-0.07889129221439362,-2.5788912773132324,attack,yes
756,0,1,0.9996646497704348,-0.0003522014303598553,-8.000351905822754,attack,yes
757,0,0,1.6701429795417827e-05,-11.000043869018555,-4.434487345861271e-05,attack,no
758,0,0,3.535623805331028e-05,-10.25005054473877,-5.018585216021165e-05,attack,no
759,0,0,1.1478768118310952e-05,-11.375039100646973,-3.909988299710676e-05,attack,no
760,0,1,0.9933071504564162,-0.006718427874147892,-5.006718635559082,attack,yes
761,0,0,9.610239188711085e-05,-9.250121116638184,-0.00012087091454304755,attack,no
762,0,0,0.0005527786824917216,-7.500558376312256,-0.0005584587925113738,attack,no
763,0,0,1.3007133112307746e-05,-11.250029563903809,-2.992108420585282e-05,attack,no
764,0,0,2.430024941636336e-05,-10.62503719329834,-3.755022044060752e-05,attack,no
765,0,0,1.89251482372248e-05,-10.875030517578125,-3.0517112463712692e-05,attack,no
766,0,0,1.892514596599875e-05,-10.87505054473877,-5.0424259825376794e-05,attack,no
767,0,0,0.00015843623524343316,-8.7501859664917,-0.00018606838420964777,attack,no
768,0,1,0.9859363748808765,-0.014170031063258648,-4.264170169830322,attack,yes
769,0,0,4.539785237316614e-05,-10.000064849853516,-6.4490144723095e-05,attack,no
770,0,1,0.9992903295312205,-0.0007201223634183407,-7.250720024108887,attack,yes
771,0,0,0.0031726826745964508,-5.753179550170898,-0.0031794970855116844,attack,no
772,0,0,6.605216036234875e-05,-9.62508487701416,-8.511180931236595e-05,attack,no
773,0,0,8.481102108148808e-05,-9.375100135803223,-9.989239333663136e-05,attack,no
774,0,0,5.144220137064579e-05,-9.875064849853516,-6.460934673668817e-05,attack,no
775,0,0,0.18242552380635632,-1.701414704322815,-0.20141470432281494,attack,no
776,0,0,0.00012339461895748255,-9.000136375427246,-0.00013672371278516948,attack,no
777,0,1,0.9999938558246666,-1.9192511899746023e-05,-12.000019073486328,attack,yes
778,0,0,6.60521288918597e-05,-9.625081062316895,-8.082063141046092e-05,attack,no
779,0,0,0.005220125584742939,-5.25523567199707,-0.005235651042312384,attack,no
780,0,1,0.9998415637830276,-0.000164018536452204,-8.750164031982422,attack,yes
781,0,0,0.0005527787493163986,-7.500555038452148,-0.0005552418879233301,attack,no
782,0,1,0.9999869928699855,-1.9192511899746023e-05,-11.250019073486328,attack,yes
783,0,0,6.144174600605356e-06,-12.000022888183594,-2.288792165927589e-05,attack,no
784,0,1,0.999983298576167,-2.682172998902388e-05,-11.00002670288086,attack,yes
785,0,0,6.962256249112569e-06,-11.875017166137695,-1.7165990357170813e-05,attack,no
786,0,0,2.7535700928787993e-05,-10.500048637390137,-4.8993817472364753e-05,attack,no
787,0,0,9.61024379351396e-05,-9.250099182128906,-9.941560711013153e-05,attack,no
788,0,0,4.00636778258121e-05,-10.125061988830566,-6.16293036728166e-05,attack,no
789,0,0,1.6701417843448496e-05,-11.000052452087402,-5.221230458118953e-05,attack,no
790,0,0,1.0129992182443859e-05,-11.50003433227539,-3.4450891689630225e-05,attack,no
791,0,0,1.7603436329394601e-06,-13.25001049041748,-1.07287787614041e-05,attack,no
792,0,0,6.605216827622735e-05,-9.625077247619629,-7.760223525110632e-05,attack,no
793,0,0,2.4300252279869583e-05,-10.6250638961792,-6.437094270950183e-05,attack,no
794,0,1,0.9999921107383555,-1.8000440832111053e-05,-11.750018119812012,attack,yes
795,0,0,0.004070136813627531,-5.5040788650512695,-0.004078642465174198,attack,no
796,0,1,0.9998766053663058,-0.00013493580627255142,-9.000134468078613,attack,yes
797,0,0,1.3709570433536782e-06,-13.50001049041748,-1.0371154530730564e-05,attack,no
798,0,0,0.004070137238335528,-5.504082202911377,-0.004082085099071264,attack,no
799,0,0,6.605212104862822e-05,-9.625075340270996,-7.497983460780233e-05,attack,no
800,0,0,2.144494074006641e-05,-10.750033378601074,-3.302042750874534e-05,attack,no
801,0,0,2.1444953520884646e-05,-10.75003433227539,-3.45700973412022e-05,attack,no
802,0,0,0.00012339456028720406,-9.000126838684082,-0.0001267114421352744,attack,no
803,0,0,5.144220137064579e-05,-9.875064849853516,-6.460934673668817e-05,attack,no
804,0,0,1.6701425823882575e-05,-11.00002670288086,-2.6940935640595853e-05,attack,no
805,0,0,5.829124466013178e-05,-9.750073432922363,-7.30726242181845e-05,attack,no
806,0,0,3.5356242264223526e-05,-10.250052452087402,-5.221230458118953e-05,attack,no
807,0,0,2.430024362137107e-05,-10.625039100646973,-3.9219088648678735e-05,attack,no
808,0,0,6.962255416759247e-06,-11.875031471252441,-3.135155202471651e-05,attack,no
809,0,0,1.6701419851665283e-05,-11.000025749206543,-2.5629668016335927e-05,attack,no
810,0,0,7.484624500496051e-05,-9.500096321105957,-9.655486064730212e-05,attack,no
811,0,0,3.1201907645921e-05,-10.375042915344238,-4.279521817807108e-05,attack,no
812,0,0,5.144219523258498e-05,-9.875066757202148,-6.639736966462806e-05,attack,no
813,0,0,0.00010889687032964068,-9.125118255615234,-0.00011789103882620111,attack,no
814,0,1,0.9933071480757902,-0.0067183091305196285,-5.006718158721924,attack,yes
815,0,0,8.48110716939288e-05,-9.375091552734375,-9.190614218823612e-05,attack,no
816,0,0,0.00015843619734157965,-8.750190734863281,-0.00019059749320149422,attack,no
817,0,1,0.9999938558268633,-1.4066597032069694e-05,-12.000014305114746,attack,yes
818,0,0,2.7535704219423213e-05,-10.500041961669922,-4.2437604861333966e-05,attack,no
819,0,0,2.7535704219423213e-05,-10.500041961669922,-4.2437604861333966e-05,attack,no
820,0,0,0.0005527786838102066,-7.500554084777832,-0.0005541696446016431,attack,no
821,0,0,0.0001233945601956384,-9.00013256072998,-0.00013243274588603526,attack,no
822,0,0,4.539785780045566e-05,-10.000059127807617,-5.8887653722194955e-05,attack,no
823,0,0,4.006370651032745e-05,-10.12504768371582,-4.8040190449682996e-05,attack,no
824,0,0,3.2887494570719725e-06,-12.625016212463379,-1.6331539882230572e-05,attack,no
825,0,0,0.00010889694826100151,-9.125113487243652,-0.00011383838864276186,attack,no
826,0,0,3.5356246485426936e-05,-10.250048637390137,-4.851700214203447e-05,attack,no
827,0,0,9.61024379351396e-05,-9.250099182128906,-9.941560711013153e-05,attack,no
828,0,0,1.8925157259204634e-05,-10.875033378601074,-3.3854863431770355e-05,attack,no
829,0,0,1.4738988989189704e-05,-11.125041961669922,-4.2437604861333966e-05,attack,no
830,0,0,3.288749456838667e-06,-12.625020027160645,-2.0146166207268834e-05,attack,no
831,0,0,4.222835457733473e-06,-12.375015258789062,-1.5735502529423684e-05,attack,no
832,0,0,2.7535681252300147e-05,-10.500033378601074,-3.302042750874534e-05,attack,no
833,0,0,6.962258738827909e-06,-11.875018119812012,-1.847726889536716e-05,attack,no
834,0,1,0.9959298623501696,-0.0040864781476557255,-5.504086494445801,attack,yes
835,0,1,0.9997965730267956,-0.00021836756786797196,-8.500218391418457,attack,yes
836,0,0,1.5534971989908e-06,-13.375006675720215,-6.318072337307967e-06,attack,no
837,0,1,0.9999417087553054,-6.4490144723095e-05,-9.750064849853516,attack,yes
838,0,0,5.829125159967891e-05,-9.750075340270996,-7.509902934543788e-05,attack,no
839,0,0,0.00010889686987093216,-9.125149726867676,-0.00014935807848814875,attack,no
840,0,0,1.4738983721733992e-05,-11.125036239624023,-3.635817120084539e-05,attack,no
841,0,0,9.61024379071728e-05,-9.250102043151855,-0.00010227633902104571,attack,no
842,0,1,0.5621765008857981,-0.5759426951408386,-0.8259426951408386,attack,yes
843,0,1,0.9999038975506767,-0.0001062098381225951,-9.250105857849121,attack,yes
844,0,0,1.300712380408432e-05,-11.250041007995605,-4.0649541915627196e-05,attack,no
845,0,0,2.430024939585418e-05,-10.625055313110352,-5.566918844124302e-05,attack,no
846,0,0,1.3007131561804229e-05,-11.250029563903809,-2.9801878554280847e-05,attack,no
847,0,0,1.3007125347015868e-05,-11.250053405761719,-5.3165931603871286e-05,attack,no
848,0,0,0.0002611904343976846,-8.250265121459961,-0.00026556302327662706,attack,no
849,0,0,0.0031726830552915417,-5.75317907333374,-0.0031791406217962503,attack,no
850,0,0,5.144220134032975e-05,-9.875073432922363,-7.319182623177767e-05,attack,no
851,0,0,8.481104138298063e-05,-9.375089645385742,-8.964136941358447e-05,attack,no
852,0,0,8.481101088878568e-05,-9.375109672546387,-0.00010930894495686516,attack,no
853,0,0,5.1442195254292755e-05,-9.875060081481934,-5.972207145532593e-05,attack,no
854,0,0,3.120192624960245e-05,-10.37503719329834,-3.766942609217949e-05,attack,no
855,0,1,0.9968273166604756,-0.00318829040043056,-5.753188133239746,attack,yes
856,0,0,0.00015843621666364004,-8.750175476074219,-0.0001754606782924384,attack,no
857,0,1,0.9998766054251126,-0.00013350549852475524,-9.000133514404297,attack,yes
858,0,0,3.12019150894581e-05,-10.375039100646973,-3.9219088648678735e-05,attack,no
859,0,1,0.9990889489780023,-0.0009248746791854501,-7.000925064086914,attack,yes
860,0,0,5.8291293326888225e-05,-9.750065803527832,-6.627816765103489e-05,attack,no
861,0,0,2.4300246519706857e-05,-10.62503719329834,-3.7431014789035544e-05,attack,no
862,0,1,0.9994472213852654,-0.0005645350320264697,-7.5005645751953125,attack,yes
863,0,0,0.00010889687035420023,-9.125116348266602,-0.00011598391574807465,attack,no
864,0,0,0.0011695102991889266,-6.751171112060547,-0.0011711412807926536,attack,no
865,0,1,0.9859363735378651,-0.014171558432281017,-4.264171600341797,attack,yes
866,0,0,1.0129994601504372e-05,-11.500020027160645,-2.038458114839159e-05,attack,no
867,0,0,2.4300243614475744e-05,-10.625045776367188,-4.589452510117553e-05,attack,no
868,0,0,6.605213676488685e-05,-9.625081062316895,-8.093983342405409e-05,attack,no
869,0,0,5.144221361420791e-05,-9.875070571899414,-7.056941103655845e-05,attack,no
870,0,1,0.9706877690366521,-0.029752500355243683,-3.529752492904663,attack,yes
871,0,0,1.6701423829669885e-05,-11.000033378601074,-3.349725011503324e-05,attack,no
872,0,0,5.8291251608160896e-05,-9.750073432922363,-7.319182623177767e-05,attack,no
873,0,0,1.6701419852090592e-05,-11.000024795532227,-2.4676019165781327e-05,attack,no
874,0,0,2.4300237833894304e-05,-10.625032424926758,-3.2305197237292305e-05,attack,no
875,0,0,2.7535681193800006e-05,-10.500073432922363,-7.30726242181845e-05,attack,no
876,0,0,5.829127927560022e-05,-9.75009822845459,-9.846202738117427e-05,attack,no
877,0,0,0.0002305067429091764,-8.375238418579102,-0.00023850933939684182,attack,no
878,0,0,0.004070137294963264,-5.5040788650512695,-0.004078761208802462,attack,no
879,0,0,0.06008665501298715,-2.8119680881500244,-0.06196817383170128,attack,no
880,0,0,1.1478764019328249e-05,-11.375021934509277,-2.1576648578047752e-05,attack,no
881,0,0,8.481108180950985e-05,-9.375090599060059,-9.107174992095679e-05,attack,no
882,0,0,8.939695236593446e-06,-11.62502384185791,-2.372236667724792e-05,attack,no
883,0,1,0.9998766053663058,-0.00013493580627255142,-9.000134468078613,attack,yes
884,0,0,8.481106140311264e-05,-9.375112533569336,-0.00011276562872808427,attack,no
885,0,0,0.001169510158711585,-6.751172065734863,-0.0011719746980816126,attack,no
886,0,0,1.6701423830702777e-05,-11.000031471252441,-3.158996332786046e-05,attack,no
887,0,0,1.1478765386894506e-05,-11.375024795532227,-2.455681169521995e-05,attack,no
888,0,0,3.5356238040705445e-05,-10.250057220458984,-5.686121585313231e-05,attack,no
889,0,0,5.144222582820544e-05,-9.875082969665527,-8.320462075062096e-05,attack,no
890,0,0,0.00015843619816453063,-8.750161170959473,-0.000161038784426637,attack,no
891,0,0,9.6102449293158e-05,-9.25010871887207,-0.00010907054820563644,attack,no
892,0,0,1.3007131559816829e-05,-11.25003433227539,-3.45700973412022e-05,attack,no
893,0,0,1.0129994600859457e-05,-11.500022888183594,-2.3245540432981215e-05,attack,no
894,0,1,0.9998766054545104,-0.0001323135511483997,-9.00013256072998,attack,yes
895,0,1,0.9999038975507999,-0.00011765264935093,-9.250117301940918,attack,yes
896,0,0,4.006368738362273e-05,-10.125059127807617,-5.900685573578812e-05,attack,no
897,0,1,0.9914225139447773,-0.008617476560175419,-4.758617401123047,attack,yes
898,0,0,5.829125856424874e-05,-9.75007152557373,-7.1403817855753e-05,attack,no
899,0,0,7.484622724705522e-05,-9.500083923339844,-8.391981828026474e-05,attack,no
900,0,0,6.962254588585203e-06,-11.875021934509277,-2.169585604860913e-05,attack,no
901,0,0,7.484623611811155e-05,-9.500091552734375,-9.16677454370074e-05,attack,no
902,0,0,3.535625068952429e-05,-10.250054359436035,-5.435795901576057e-05,attack,no
903,0,1,0.999983298576167,-2.682172998902388e-05,-11.00002670288086,attack,yes
904,0,1,0.9968273166361762,-0.003185913898050785,-5.753185749053955,attack,yes
905,0,0,4.006368735141308e-05,-10.12507152557373,-7.1403817855753e-05,attack,no
906,0,1,0.9525741274956179,-0.04859255254268646,-3.0485925674438477,attack,yes
907,0,1,0.9999785550490333,-3.158996332786046e-05,-10.750031471252441,attack,yes
908,0,0,5.144219524830441e-05,-9.875061988830566,-6.16293036728166e-05,attack,no
909,0,0,2.753568124007923e-05,-10.500044822692871,-4.446407547220588e-05,attack,no
910,0,0,1.670142980112912e-05,-11.000035285949707,-3.576214658096433e-05,attack,no
911,0,0,8.939697368305565e-06,-11.625021934509277,-2.2053474822314456e-05,attack,no
912,0,1,0.9968273166030401,-0.0031825865153223276,-5.753182411193848,attack,yes
913,0,0,6.144176795193341e-06,-12.00003719329834,-3.755022044060752e-05,attack,no
914,0,0,1.1478766753416948e-05,-11.375030517578125,-3.0397906812140718e-05,attack,no
915,0,0,2.144494074006641e-05,-10.750033378601074,-3.302042750874534e-05,attack,no
916,0,0,2.75357009372024e-05,-10.500041961669922,-4.23184028477408e-05,attack,no
917,0,1,0.9626731133251859,-0.03804348036646843,-3.28804349899292,attack,yes
918,0,0,2.1444948401176257e-05,-10.750042915344238,-4.2914423829643056e-05,attack,no
919,0,0,5.144220137064579e-05,-9.875064849853516,-6.460934673668817e-05,attack,no
920,0,0,1.6701423829669885e-05,-11.000033378601074,-3.349725011503324e-05,attack,no
921,0,0,4.006369695163779e-05,-10.125051498413086,-5.1616290875244886e-05,attack,no
922,0,0,1.670142382681424e-05,-11.000038146972656,-3.8265450712060556e-05,attack,no
923,0,0,1.1478765385746133e-05,-11.375028610229492,-2.8371408916427754e-05,attack,no
924,0,0,2.4300243614475744e-05,-10.625045776367188,-4.589452510117553e-05,attack,no
925,0,0,1.1478764019328249e-05,-11.375021934509277,-2.1576648578047752e-05,attack,no
926,0,0,1.5534979397394736e-06,-13.375007629394531,-7.748573807475623e-06,attack,no
927,0,1,0.9999724642957784,-4.053033626405522e-05,-10.500040054321289,attack,yes
928,0,0,0.005220125572652333,-5.2552361488342285,-0.00523612555116415,attack,no
929,0,0,4.539785225458921e-05,-10.000097274780273,-9.691245941212401e-05,attack,no
930,0,0,4.539786321684599e-05,-10.000057220458984,-5.709961988031864e-05,attack,no
931,0,0,0.00015843617918594494,-8.750164985656738,-0.00016473367577418685,attack,no
932,0,0,2.430024940080467e-05,-10.625051498413086,-5.185469490243122e-05,attack,no
933,0,1,0.9933071505430969,-0.00672032218426466,-5.006720542907715,attack,yes
934,0,0,2.7535694342309807e-05,-10.500062942504883,-6.305972783593461e-05,attack,no
935,0,1,0.9997388097842442,-0.00027616979787126184,-8.250276565551758,attack,yes
936,0,0,6.144176066672166e-06,-12.000011444091797,-1.168244216387393e-05,attack,no
937,0,0,3.7266406162947005e-06,-12.500018119812012,-1.847726889536716e-05,attack,no
938,0,0,0.37754066879814546,-0.9740797877311707,-0.47407978773117065,attack,no
939,0,1,0.9999970976873229,-1.07287787614041e-05,-12.75001049041748,attack,yes
940,0,1,0.9996646497297103,-0.00034564718953333795,-8.000345230102539,attack,yes
941,0,0,5.82912515784739e-05,-9.750080108642578,-7.986703712958843e-05,attack,no
942,0,0,3.53562422491749e-05,-10.250060081481934,-5.98412734689191e-05,attack,no
943,0,0,7.889264462211963e-06,-11.750035285949707,-3.5523738915799186e-05,attack,no
944,0,0,6.962257077768051e-06,-11.875025749206543,-2.586808113846928e-05,attack,no
945,0,0,0.00013982210715806902,-8.875161170959473,-0.00016139635408762842,attack,no
946,0,1,0.9996646497297103,-0.00034564718953333795,-8.000345230102539,attack,yes
947,0,0,1.4738988970101218e-05,-11.125065803527832,-6.627816765103489e-05,attack,no
948,0,0,3.120192250393883e-05,-10.375055313110352,-5.566918844124302e-05,attack,no
949,0,0,0.0005527787478692809,-7.5005598068237305,-0.0005600076401606202,attack,no
950,0,0,0.0002611903412335104,-8.250262260437012,-0.0002623452164698392,attack,no
951,0,0,4.006367781852485e-05,-10.125064849853516,-6.4490144723095e-05,attack,no
952,0,0,4.5397884849053674e-05,-10.000061988830566,-6.23445157543756e-05,attack,no
953,0,0,0.00012339456033208922,-9.000123977661133,-0.00012385078298393637,attack,no
954,0,0,1.0129992185299915e-05,-11.500024795532227,-2.4914430468925275e-05,attack,no
955,0,1,0.9999898700066067,-2.312633478140924e-05,-11.500022888183594,attack,yes
956,0,0,0.00013982209053706326,-8.87515926361084,-0.00015937011630740017,attack,no
957,0,0,2.9023130229526674e-06,-12.750011444091797,-1.1801649634435307e-05,attack,no
958,0,0,3.5356246490314526e-05,-10.250045776367188,-4.565611743601039e-05,attack,no
959,0,1,0.9968273165883129,-0.0031811606604605913,-5.753180980682373,attack,yes
960,0,0,2.753568124458694e-05,-10.500041007995605,-4.0649541915627196e-05,attack,no
961,0,0,4.006368735141308e-05,-10.12507152557373,-7.1403817855753e-05,attack,no
962,0,1,0.9999038975507475,-0.00011288482346571982,-9.250112533569336,attack,yes
963,0,0,4.539788485945807e-05,-10.0000581741333,-5.8530047681415454e-05,attack,no
964,0,0,0.1480472036701053,-1.9102245569229126,-0.16022460162639618,attack,no
965,0,0,5.829125856424874e-05,-9.75007152557373,-7.1403817855753e-05,attack,no
966,0,0,7.889260704531226e-06,-11.750014305114746,-1.4066597032069694e-05,attack,no
967,0,0,0.0015011819906271561,-6.501503944396973,-0.0015037668636068702,attack,no
968,0,1,0.9992903296203418,-0.0007290565990842879,-7.250729084014893,attack,yes
969,0,0,5.422221551868982e-06,-12.125036239624023,-3.671578815556131e-05,attack,no
970,0,1,0.9996646497297103,-0.00034564718953333795,-8.000345230102539,attack,yes
971,0,0,1.8925141468298646e-05,-10.875032424926758,-3.2066785934148356e-05,attack,no
972,0,0,0.0019267342834213674,-6.251931667327881,-0.001931469771079719,attack,no
973,0,0,1.473898372500477e-05,-11.125029563903809,-2.9682672902708873e-05,attack,no
974,0,0,1.6701423829669885e-05,-11.000033378601074,-3.349725011503324e-05,attack,no
975,0,0,0.0007096703017648574,-7.250716209411621,-0.0007160721579566598,attack,no
976,0,0,1.473898372500477e-05,-11.125029563903809,-2.9682672902708873e-05,attack,no
977,0,0,8.481104118676534e-05,-9.375112533569336,-0.00011252723925281316,attack,no
978,0,0,5.144222587723511e-05,-9.875070571899414,-7.080780778778717e-05,attack,no
979,0,1,0.9998415638207909,-0.00016378014697693288,-8.750164031982422,attack,yes
980,0,0,6.9622554182156276e-06,-11.87502384185791,-2.372236667724792e-05,attack,no
981,0,0,9.61024379071728e-05,-9.250102043151855,-0.00010227633902104571,attack,no
982,0,1,0.9706877680826902,-0.02975134178996086,-3.5297513008117676,attack,yes
983,0,0,0.00012339455991555511,-9.00014877319336,-0.0001486429391661659,attack,no
984,0,0,0.010986942681193004,-4.511049270629883,-0.011049275286495686,attack,no
985,0,0,1.3007131561804229e-05,-11.250029563903809,-2.9801878554280847e-05,attack,no
986,0,0,4.222833443261934e-06,-12.375025749206543,-2.5748875486897305e-05,attack,no
987,0,0,1.1478772229781076e-05,-11.375020027160645,-2.038458114839159e-05,attack,no
988,0,0,0.0011695101600714818,-6.751171112060547,-0.0011710221879184246,attack,no
989,0,0,0.0004305569890871001,-7.750436305999756,-0.000436091679148376,attack,no
990,0,0,5.8291286249927666e-05,-9.750093460083008,-9.381330892210826e-05,attack,no
991,0,1,0.9999938558246666,-1.9192511899746023e-05,-12.000019073486328,attack,yes
992,0,0,5.422220908481808e-06,-12.125015258789062,-1.5616295058862306e-05,attack,no
993,0,0,3.5356238062828204e-05,-10.250044822692871,-4.446407547220588e-05,attack,no
994,0,0,6.605216031188985e-05,-9.625093460083008,-9.369411418447271e-05,attack,no
995,0,0,4.006368259400487e-05,-10.125064849853516,-6.460934673668817e-05,attack,no
996,0,0,4.539786864000808e-05,-10.000052452087402,-5.245071224635467e-05,attack,no
997,0,0,6.962256248162757e-06,-11.87502384185791,-2.3841574147809297e-05,attack,no
998,0,0,3.120191876292951e-05,-10.375066757202148,-6.69933797325939e-05,attack,no
999,0,1,0.8807970732843035,-0.12693004310131073,-2.126929998397827,attack,yes
